venda_id,cliente_id,produto_nome,categoria,data,quantidade,valor_unitario,valor_total
2776,327,Organizador de mesa,Escritorio,2026-03-17,2,44.32,88.64
996,114,Organizador de mesa,Escritorio,2026-08-18,2,41.79,83.58
60,8,Livro tecnico,Livros,2026-02-20,1,117.77,117.77
2154,252,Notebook Gamer,Eletronicos,2026-06-26,1,4214.03,4214.03
458,55,Garrafa termica,Acessorios,2026-08-02,3,72.97,218.91
2001,232,Teclado mecanico,Eletronicos,2026-09-01,2,299.83,599.66
2686,316,Notebook Gamer,Eletronicos,2026-06-19,3,4341.23,13023.69
3284,385,Cadeira ergonomica,Moveis,2026-08-25,1,1021.32,1021.32
2852,338,Notebook Gamer,Eletronicos,2024-11-28,3,4361.19,13083.57
3376,396,Webcam HD,Eletronicos,2025-08-08,2,167.58,5224.42
153,20,Livro tecnico,Livros,2026-08-26,3,125.34,376.02
1852,214,Oculos de sol,Acessorios,2026-03-22,2,161.39,322.78
2013,234,Kit papelaria,Escritorio,2025-10-12,3,69.41,208.23
1908,221,Impressora multifuncional,Escritorio,2026-04-19,1,868.01,868.01
145,19,Garrafa termica,Acessorios,2025-02-22,2,79.07,158.14
1723,198,Notebook Gamer,Eletronicos,2026-02-11,1,4415.6,4415.6
2011,233,Estante de livros,Moveis,2026-07-15,1,400.43,6926.76
1672,193,Monitor 27pol,Eletronicos,2026-07-30,2,1389.53,2779.06
1396,165,Webcam HD,Eletronicos,2026-09-18,3,169.98,509.94
696,82,Webcam HD,Eletronicos,2026-07-04,2,166.47,332.94
2391,284,Cadeira ergonomica,Moveis,2024-12-14,1,918.08,918.08
933,104,Cadeira ergonomica,Moveis,2025-09-09,1,941.66,941.66
2231,264,Estante de livros,Moveis,2026-05-03,2,407.85,815.7
3345,392,Livro de ficcao,Livros,2026-03-03,2,57.18,114.36
2091,243,Mesa para escritorio,Moveis,2025-07-21,3,602.23,1806.69
3026,360,Mesa para escritorio,Moveis,2026-08-15,3,699.16,2097.48
411,48,Livro de ficcao,Livros,2026-08-30,3,54.67,164.01
3109,368,Kit papelaria,Escritorio,2025-07-08,2,69.77,139.54
650,78,Kit papelaria,Escritorio,2026-05-29,3,60.82,182.46
1259,151,Mochila executiva,Acessorios,2025-06-20,3,215.5,646.5
2856,338,Teclado mecanico,Eletronicos,2025-02-14,3,296.74,890.22
2458,293,Webcam HD,Eletronicos,2026-07-02,1,191.26,191.26
662,79,Kit papelaria,Escritorio,2026-02-15,2,66.6,133.2
2985,356,Organizador de mesa,Escritorio,2026-01-26,1,45.93,45.93
142,19,Luminaria de mesa,Moveis,2024-09-25,2,138.09,276.18
160,21,Livro de ficcao,Livros,2026-04-05,3,58.03,174.09
3049,362,Mochila executiva,Acessorios,2026-08-10,1,219.72,219.72
3349,392,Luminaria de mesa,Moveis,2026-03-02,3,160.33,480.99
563,66,Monitor 27pol,Eletronicos,2025-04-21,1,1393.45,1393.45
825,93,Kit papelaria,Escritorio,2026-06-25,3,63.96,191.88
1428,168,Garrafa termica,Acessorios,2026-01-23,2,76.67,153.34
1887,219,Livro infantil,Livros,2026-04-19,1,38.37,38.37
3445,405,Notebook Gamer,Eletronicos,2026-05-14,2,4035.34,8070.68
1355,160,Mouse sem fio,Eletronicos,2024-08-31,1,96.67,96.67
311,39,Kit papelaria,Escritorio,2025-11-18,1,67.38,67.38
1736,201,Garrafa termica,Acessorios,2026-02-13,2,80.93,161.86
258,31,Livro tecnico,Livros,2025-09-16,3,127.17,381.51
2577,304,Livro tecnico,Livros,2025-08-06,1,118.63,118.63
2660,312,Livro tecnico,Livros,2026-03-13,3,122.69,368.07
407,47,Mochila executiva,Acessorios,2025-12-06,2,198.03,396.06
1268,152,Garrafa termica,Acessorios,2025-05-08,1,77.19,77.19
1150,136,Monitor 27pol,Eletronicos,2026-02-17,2,1338.62,2677.24
1771,206,Impressora multifuncional,Escritorio,2026-07-05,2,839.4,1678.8
3280,384,Garrafa termica,Acessorios,2025-11-21,3,75.91,227.73
3214,377,Impressora multifuncional,Escritorio,2025-11-22,1,846.12,846.12
1828,212,Teclado mecanico,Eletronicos,2025-03-31,1,300.72,300.72
274,34,Garrafa termica,Acessorios,2026-02-12,3,75.62,226.86
934,104,Livro tecnico,Livros,2024-12-09,3,129.03,387.09
2995,357,Luminaria de mesa,Moveis,2026-07-23,2,145.45,290.9
2815,335,Notebook Gamer,Eletronicos,2026-08-22,1,4469.52,4469.52
2112,246,Monitor 27pol,Eletronicos,2026-03-12,2,1278.31,2556.62
2680,315,Mouse sem fio,Eletronicos,2026-01-24,3,94.71,284.13
3064,363,Webcam HD,Eletronicos,2026-07-26,1,180.97,180.97
3508,411,Livro tecnico,Livros,2025-04-14,3,116.94,350.82
2302,273,Kit papelaria,Escritorio,2025-10-28,2,69.15,138.3
3554,417,Oculos de sol,Acessorios,2025-06-29,2,151.44,302.88
2810,333,Livro tecnico,Livros,2026-06-24,1,124.22,124.22
3509,411,Estante de livros,Moveis,2026-09-14,1,444.78,444.78
658,79,Livro tecnico,Livros,2026-03-04,2,121.45,242.9
2842,338,Mouse sem fio,Eletronicos,2025-10-13,1,86.88,86.88
1871,217,Webcam HD,Eletronicos,2026-06-01,3,169.36,508.08
179,23,Mesa para escritorio,Moveis,2025-11-21,1,605.75,605.75
732,86,Impressora multifuncional,Escritorio,2025-07-25,1,896.26,896.26
2041,236,Teclado mecanico,Eletronicos,2025-04-16,2,336.53,673.06
2326,276,Livro infantil,Livros,2026-03-02,3,39.99,119.97
83,10,Impressora multifuncional,Escritorio,2026-05-03,1,904.41,904.41
941,105,Mouse sem fio,Eletronicos,2025-12-08,1,88.67,88.67
2432,289,Monitor 27pol,Eletronicos,2026-02-26,3,1264.36,3793.08
105,15,Livro de ficcao,Livros,2025-08-18,1,58.22,58.22
545,65,Kit papelaria,Escritorio,2025-09-21,2,63.17,126.34
63,9,Webcam HD,Eletronicos,2025-04-26,1,185.42,185.42
85,11,Organizador de mesa,Escritorio,2026-09-13,1,47.24,47.24
634,75,Garrafa termica,Acessorios,2026-07-21,2,72.36,144.72
2781,328,Garrafa termica,Acessorios,2026-01-01,2,80.58,161.16
3084,365,Garrafa termica,Acessorios,2026-04-09,3,72.7,218.1
2608,308,Teclado mecanico,Eletronicos,2026-04-20,2,306.27,612.54
2279,272,Garrafa termica,Acessorios,2026-04-21,3,69.42,208.26
835,94,Mochila executiva,Acessorios,2026-09-17,1,194.5,194.5
898,100,Mesa para escritorio,Moveis,2025-12-21,2,685.84,1371.68
2908,345,Garrafa termica,Acessorios,2026-05-16,3,77.79,233.37
871,97,Organizador de mesa,Escritorio,2025-09-05,1,44.98,44.98
2784,328,Mesa para escritorio,Moveis,2026-07-30,2,605.44,1210.88
682,80,Cadeira ergonomica,Moveis,2025-02-25,3,1052.27,3156.81
2861,339,Webcam HD,Eletronicos,2026-01-08,2,166.55,333.1
524,62,Luminaria de mesa,Moveis,2025-11-03,2,145.82,291.64
1291,154,Mesa para escritorio,Moveis,2026-09-29,3,658.64,1975.92
3240,379,Estante de livros,Moveis,2026-02-10,3,391.72,1175.16
1321,157,Cadeira ergonomica,Moveis,2025-10-15,3,902.9,2708.7
2139,251,Cadeira ergonomica,Moveis,2026-04-08,2,1016.57,2033.14
3013,359,Cadeira ergonomica,Moveis,2026-04-26,2,1047.88,2095.76
2249,268,Webcam HD,Eletronicos,2026-07-14,3,169.94,509.82
2699,318,Monitor 27pol,Eletronicos,2026-01-26,3,1397.78,4193.34
43,5,Kit papelaria,Escritorio,2026-06-20,2,63.07,126.14
3274,384,Mouse sem fio,Eletronicos,2026-04-02,2,85.36,170.72
1770,206,Mouse sem fio,Eletronicos,2026-07-05,2,93.35,186.7
2633,311,Monitor 27pol,Eletronicos,2025-02-06,3,1423.75,4271.25
143,19,Teclado mecanico,Eletronicos,2026-07-21,2,313.59,627.18
800,91,Livro de ficcao,Livros,2026-09-11,2,52.01,104.02
2047,237,Webcam HD,Eletronicos,2025-03-17,1,177.74,177.74
1335,158,Monitor 27pol,Eletronicos,2025-08-28,2,1397.35,2794.7
744,87,Webcam HD,Eletronicos,2026-02-14,1,189.83,189.83
1889,219,Cadeira ergonomica,Moveis,2026-06-10,2,939.52,1879.04
815,92,Livro infantil,Livros,2025-07-12,1,41.05,41.05
2632,310,Livro tecnico,Livros,2026-08-31,2,119.79,239.58
1359,160,Mouse sem fio,Eletronicos,2026-01-16,3,83.26,249.78
3175,373,Estante de livros,Moveis,2026-02-03,1,418.76,418.76
1741,201,Monitor 27pol,Eletronicos,2025-09-28,1,1359.09,1359.09
2265,269,Mochila executiva,Acessorios,2026-07-04,1,207.47,207.47
2207,262,Mochila executiva,Acessorios,2026-08-05,3,221.02,663.06
911,101,Garrafa termica,Acessorios,2026-07-29,3,69.73,209.19
215,27,Notebook Gamer,Eletronicos,2026-02-04,1,4520.07,4520.07
1509,178,Estante de livros,Moveis,2026-04-04,1,412.69,412.69
2630,309,Oculos de sol,Acessorios,2025-12-26,2,149.81,299.62
1331,158,Livro tecnico,Livros,2026-02-02,3,126.76,380.28
1435,169,Livro tecnico,Livros,2026-07-18,3,123.14,369.42
1465,172,Teclado mecanico,Eletronicos,2025-04-26,3,299.89,899.67
2248,268,Luminaria de mesa,Moveis,2026-07-14,1,146.16,146.16
1101,130,Mochila executiva,Acessorios,2026-08-29,1,226.39,226.39
2513,298,Teclado mecanico,Eletronicos,2025-11-30,3,339.17,1017.51
278,34,Livro tecnico,Livros,2026-04-12,1,128.9,2392.82
1922,223,Livro infantil,Livros,2025-11-05,2,37.89,75.78
875,97,Mochila executiva,Acessorios,2025-07-24,2,222.16,444.32
681,80,Estante de livros,Moveis,2025-09-13,3,399.06,1197.18
119,16,Webcam HD,Eletronicos,2026-02-26,3,180.61,541.83
1627,189,Organizador de mesa,Escritorio,2026-09-06,1,42.29,42.29
1999,232,Teclado mecanico,Eletronicos,2026-08-08,2,327.0,654.0
1161,137,Livro infantil,Livros,2025-08-02,1,40.29,40.29
3271,384,Mesa para escritorio,Moveis,2025-12-03,3,664.65,1993.95
2214,262,Estante de livros,Moveis,2026-01-25,3,421.59,1264.77
1129,133,Mesa para escritorio,Moveis,2026-07-02,3,693.52,2080.56
1474,173,Organizador de mesa,Escritorio,2025-08-05,3,45.22,135.66
2890,344,Webcam HD,Eletronicos,2026-05-01,1,173.34,3572.08
1927,223,Luminaria de mesa,Moveis,2026-01-14,1,161.84,161.84
1393,164,Mouse sem fio,Eletronicos,2024-08-27,1,90.46,90.46
3315,387,Livro infantil,Livros,2026-03-30,1,36.97,36.97
3435,404,Mochila executiva,Acessorios,2026-01-16,3,203.97,611.91
1595,186,Monitor 27pol,Eletronicos,2024-12-05,2,1402.29,2804.58
1895,220,Livro tecnico,Livros,2026-09-01,3,126.0,378.0
3507,410,Monitor 27pol,Eletronicos,2026-05-12,3,1393.59,4180.77
1148,136,Mouse sem fio,Eletronicos,2025-09-17,1,96.04,96.04
2063,238,Impressora multifuncional,Escritorio,2026-02-13,2,856.05,1712.1
1700,197,Mouse sem fio,Eletronicos,2025-05-21,1,93.48,93.48
1576,184,Livro de ficcao,Livros,2026-06-27,3,51.13,153.39
3511,411,Teclado mecanico,Eletronicos,2026-02-06,2,305.12,610.24
2325,276,Mouse sem fio,Eletronicos,2025-12-03,1,92.82,92.82
1394,165,Livro infantil,Livros,2025-01-21,2,38.98,77.96
2167,254,Estante de livros,Moveis,2025-06-06,2,449.92,899.84
445,54,Impressora multifuncional,Escritorio,2025-11-29,3,822.66,2467.98
1820,211,Luminaria de mesa,Moveis,2026-02-25,1,152.01,152.01
2406,287,Livro infantil,Livros,2026-04-16,2,38.39,76.78
2404,287,Luminaria de mesa,Moveis,2026-04-15,3,148.09,444.27
670,80,Livro infantil,Livros,2025-08-13,2,40.82,81.64
3257,380,Mochila executiva,Acessorios,2025-12-28,1,215.41,215.41
3448,405,Estante de livros,Moveis,2025-06-28,3,426.42,1279.26
3324,388,Webcam HD,Eletronicos,2026-03-24,2,186.92,373.84
1199,142,Mesa para escritorio,Moveis,2026-03-18,1,699.95,699.95
398,46,Impressora multifuncional,Escritorio,2026-09-02,1,925.23,925.23
3089,366,Mouse sem fio,Eletronicos,2025-09-14,3,86.55,259.65
2216,262,Livro infantil,Livros,2025-03-25,1,40.52,40.52
236,29,Notebook Gamer,Eletronicos,2026-05-01,3,4340.76,13022.28
678,80,Mochila executiva,Acessorios,2024-06-01,2,219.95,439.9
2697,317,Mouse sem fio,Eletronicos,2025-07-04,2,89.05,178.1
3417,400,Garrafa termica,Acessorios,2025-05-06,3,74.01,222.03
3235,378,Kit papelaria,Escritorio,2026-09-23,2,68.88,137.76
2056,237,Luminaria de mesa,Moveis,2025-08-14,1,141.16,141.16
1149,136,Livro infantil,Livros,2025-07-12,2,37.64,75.28
904,100,Mouse sem fio,Eletronicos,2025-10-19,2,92.33,184.66
2012,234,Estante de livros,Moveis,2025-09-18,3,433.24,1299.72
1141,134,Webcam HD,Eletronicos,2025-03-05,3,175.49,526.47
784,90,Teclado mecanico,Eletronicos,2026-09-22,1,308.29,308.29
2238,266,Teclado mecanico,Eletronicos,2025-10-04,1,331.46,331.46
1012,117,Oculos de sol,Acessorios,2024-07-21,1,168.22,168.22
2532,300,Estante de livros,Moveis,2025-12-19,1,438.84,438.84
499,59,Livro tecnico,Livros,2025-06-09,1,115.42,3297.87
1717,198,Mesa para escritorio,Moveis,2026-03-18,1,695.48,
719,84,Mouse sem fio,Eletronicos,2025-06-29,3,95.88,287.64
2944,351,Estante de livros,Moveis,2024-06-15,1,453.39,453.39
3470,407,Estante de livros,Moveis,2026-01-25,3,435.56,1306.68
3351,392,Livro infantil,Livros,2025-12-19,3,39.91,119.73
1350,159,Impressora multifuncional,Escritorio,2026-04-17,3,874.42,2623.26
822,93,Mouse sem fio,Eletronicos,2026-05-13,2,84.07,168.14
110,15,Impressora multifuncional,Escritorio,2025-11-26,1,889.94,889.94
2191,259,Estante de livros,Moveis,2025-11-03,2,403.17,806.34
2227,264,Cadeira ergonomica,Moveis,2026-05-04,2,1024.99,2049.98
560,66,Cadeira ergonomica,Moveis,2024-12-27,2,929.07,1858.14
2038,236,Organizador de mesa,Escritorio,2025-10-30,3,43.08,129.24
2412,287,Mochila executiva,Acessorios,2026-04-12,1,204.63,204.63
1489,175,Garrafa termica,Acessorios,2026-09-20,3,74.7,224.1
3418,401,Livro tecnico,Livros,2025-12-09,2,120.07,240.14
3242,379,Mochila executiva,Acessorios,2026-03-23,3,193.66,580.98
3209,377,Cadeira ergonomica,Moveis,2026-04-08,1,902.84,902.84
340,41,Livro de ficcao,Livros,2025-05-13,2,57.01,114.02
2536,300,Luminaria de mesa,Moveis,2026-04-15,2,138.14,276.28
2562,303,Impressora multifuncional,Escritorio,2026-04-17,2,846.86,1693.72
2003,233,Mochila executiva,Acessorios,2026-07-15,3,222.64,667.92
616,73,Monitor 27pol,Eletronicos,2025-04-18,2,1263.78,2527.56
3580,419,Mouse sem fio,Eletronicos,2025-11-22,1,85.62,85.62
1754,203,Teclado mecanico,Eletronicos,2026-08-14,1,322.12,322.12
3211,377,Notebook Gamer,Eletronicos,2025-11-05,1,4435.48,4435.48
1084,127,Oculos de sol,Acessorios,2026-03-05,1,147.84,147.84
1424,168,Teclado mecanico,Eletronicos,2026-04-24,2,343.74,687.48
2534,300,Monitor 27pol,Eletronicos,2026-08-24,2,1454.42,2908.84
773,88,Monitor 27pol,Eletronicos,2025-08-20,1,1253.2,1253.2
2640,311,Estante de livros,Moveis,2026-09-18,3,442.63,1327.89
2176,257,Notebook Gamer,Eletronicos,2026-09-29,1,4363.34,4363.34
1356,160,Notebook Gamer,Eletronicos,2025-07-02,2,4172.3,8344.6
2920,346,Kit papelaria,Escritorio,2026-04-17,1,60.32,60.32
2157,253,Teclado mecanico,Eletronicos,2026-04-05,3,304.13,
1647,190,Livro tecnico,Livros,2025-07-13,3,126.55,379.65
1550,182,Livro de ficcao,Livros,2026-06-14,2,58.33,116.66
461,55,Mesa para escritorio,Moveis,2026-07-06,2,659.12,1318.24
3550,416,Estante de livros,Moveis,2025-07-06,2,428.43,856.86
3469,407,Mochila executiva,Acessorios,2025-09-13,3,195.97,587.91
32,3,Mesa para escritorio,Moveis,2025-08-28,2,698.27,1396.54
534,63,Cadeira ergonomica,Moveis,2024-10-28,2,1021.08,2042.16
632,75,Teclado mecanico,Eletronicos,2026-03-31,3,322.02,966.06
2,1,Livro tecnico,Livros,2025-03-17,3,112.11,336.33
1337,158,Livro tecnico,Livros,2025-11-18,2,125.78,251.56
328,40,Luminaria de mesa,Moveis,2025-12-29,2,138.35,276.7
2725,321,Impressora multifuncional,Escritorio,2025-12-29,1,886.55,886.55
3573,419,Teclado mecanico,Eletronicos,2026-05-30,1,297.77,297.77
776,89,Oculos de sol,Acessorios,2025-10-16,1,148.37,148.37
834,94,Impressora multifuncional,Escritorio,2026-08-30,3,855.39,2566.17
1554,182,Teclado mecanico,Eletronicos,2025-10-14,2,340.54,681.08
1486,174,Cadeira ergonomica,Moveis,2025-12-25,1,1048.55,1048.55
2487,296,Impressora multifuncional,Escritorio,2026-08-03,1,884.94,884.94
1728,200,Oculos de sol,Acessorios,2026-04-21,3,169.93,509.79
2209,262,Teclado mecanico,Eletronicos,2025-11-03,1,298.77,298.77
1640,190,Teclado mecanico,Eletronicos,2026-01-07,3,317.77,953.31
1200,142,Notebook Gamer,Eletronicos,2025-06-22,2,4472.06,8944.12
163,21,Livro de ficcao,Livros,2026-09-01,3,55.81,167.43
2569,303,Livro tecnico,Livros,2026-04-13,3,122.4,367.2
976,109,Notebook Gamer,Eletronicos,2026-04-15,3,4144.22,12432.66
2956,351,Cadeira ergonomica,Moveis,2025-06-16,1,980.75,980.75
1064,125,Organizador de mesa,Escritorio,2026-05-03,1,42.43,42.43
1154,136,Estante de livros,Moveis,2026-04-08,3,391.14,1173.42
2383,284,Notebook Gamer,Eletronicos,2025-12-07,2,4234.35,8468.7
739,86,Luminaria de mesa,Moveis,2026-04-04,3,152.45,457.35
2839,337,Mochila executiva,Acessorios,2025-07-15,2,193.46,386.92
3533,414,Impressora multifuncional,Escritorio,2026-04-26,1,902.12,902.12
1094,128,Oculos de sol,Acessorios,2026-05-06,2,153.14,306.28
463,55,Mochila executiva,Acessorios,2026-09-12,3,195.73,587.19
1034,119,Teclado mecanico,Eletronicos,2026-01-28,2,343.81,687.62
3317,387,Cadeira ergonomica,Moveis,2025-04-24,1,1046.8,1046.8
1639,190,Cadeira ergonomica,Moveis,2025-10-10,3,936.74,2810.22
1825,211,Estante de livros,Moveis,2026-08-20,1,388.35,388.35
2442,290,Estante de livros,Moveis,2026-09-28,1,428.82,428.82
3295,385,Impressora multifuncional,Escritorio,2026-02-26,3,913.06,2739.18
1621,188,Webcam HD,Eletronicos,2026-07-01,1,172.95,172.95
2146,252,Livro de ficcao,Livros,2026-06-26,1,53.39,53.39
3266,383,Mouse sem fio,Eletronicos,2026-07-04,2,86.06,172.12
2516,299,Garrafa termica,Acessorios,2026-04-04,3,78.9,236.7
3185,374,Livro tecnico,Livros,2026-03-03,2,129.53,259.06
2881,343,Teclado mecanico,Eletronicos,2026-03-21,2,317.24,634.48
1859,216,Kit papelaria,Escritorio,2026-04-12,3,62.42,187.26
1774,206,Teclado mecanico,Eletronicos,2026-07-05,2,340.44,680.88
630,75,Cadeira ergonomica,Moveis,2026-09-25,3,933.53,2800.59
84,11,Mesa para escritorio,Moveis,2025-04-27,2,610.06,1220.12
404,47,Teclado mecanico,Eletronicos,2025-12-03,3,295.57,886.71
397,46,Organizador de mesa,Escritorio,2026-08-07,1,43.38,43.38
2542,301,Luminaria de mesa,Moveis,2026-06-25,3,145.45,436.35
2460,293,Organizador de mesa,Escritorio,2026-07-02,2,45.14,90.28
3590,420,Impressora multifuncional,Escritorio,2025-11-06,3,906.34,2719.02
771,88,Oculos de sol,Acessorios,2024-05-23,1,159.28,159.28
3414,400,Livro tecnico,Livros,2025-03-31,1,119.38,119.38
2900,345,Teclado mecanico,Eletronicos,2026-03-05,3,294.58,883.74
231,29,Mesa para escritorio,Moveis,2025-04-25,3,608.53,1825.59
617,73,Estante de livros,Moveis,2025-03-05,1,429.4,429.4
599,72,Garrafa termica,Acessorios,2026-05-12,3,70.02,210.06
2153,252,Kit papelaria,Escritorio,2026-06-26,3,63.38,190.14
3247,379,Mouse sem fio,Eletronicos,2026-04-04,1,93.3,93.3
205,26,Kit papelaria,Escritorio,2025-12-16,3,63.32,189.96
2350,278,Webcam HD,Eletronicos,2025-12-05,2,170.34,340.68
1048,123,Livro tecnico,Livros,2025-04-17,2,129.51,259.02
2865,340,Impressora multifuncional,Escritorio,2025-12-23,2,945.16,1890.32
2639,311,Estante de livros,Moveis,2025-04-01,2,425.73,851.46
2142,251,Kit papelaria,Escritorio,2026-08-29,3,67.55,202.65
151,20,Notebook Gamer,Eletronicos,2025-09-05,3,4342.29,13026.87
1650,190,Mochila executiva,Acessorios,2025-06-14,1,210.46,210.46
3055,362,Livro infantil,Livros,2026-06-05,2,37.22,74.44
2273,270,Webcam HD,Eletronicos,2026-04-04,3,174.58,523.74
1002,116,Teclado mecanico,Eletronicos,2025-09-15,1,323.31,323.31
1818,210,Impressora multifuncional,Escritorio,2025-10-29,1,905.84,905.84
1065,126,Livro infantil,Livros,2025-06-15,2,39.42,78.84
798,91,Kit papelaria,Escritorio,2026-06-19,1,66.73,66.73
122,16,Luminaria de mesa,Moveis,2026-07-15,2,143.22,286.44
541,64,Estante de livros,Moveis,2026-05-21,3,397.86,1193.58
415,49,Livro tecnico,Livros,2025-02-06,1,111.23,111.23
2044,236,Monitor 27pol,Eletronicos,2026-01-25,1,1432.38,1432.38
2548,302,Livro tecnico,Livros,2026-05-22,3,115.8,347.4
1836,212,Monitor 27pol,Eletronicos,2025-12-21,3,1421.24,4263.72
3099,367,Organizador de mesa,Escritorio,2026-02-23,1,42.57,42.57
1624,188,Mesa para escritorio,Moveis,2026-08-06,1,700.84,700.84
325,40,Cadeira ergonomica,Moveis,2025-12-15,2,1025.63,2051.26
2868,341,Notebook Gamer,Eletronicos,2025-12-25,1,4035.19,4035.19
2996,357,Garrafa termica,Acessorios,2026-07-22,2,70.21,140.42
1909,221,Webcam HD,Eletronicos,2026-04-02,1,182.48,182.48
446,54,Garrafa termica,Acessorios,2025-05-21,3,77.9,233.7
2323,276,Notebook Gamer,Eletronicos,2026-01-12,1,4042.91,4042.91
1740,201,Livro de ficcao,Livros,2025-07-18,1,56.57,56.57
384,45,Notebook Gamer,Eletronicos,2026-06-17,3,4503.13,13509.39
2311,275,Livro infantil,Livros,2026-04-02,3,41.32,123.96
2476,295,Luminaria de mesa,Moveis,2026-04-23,2,142.87,285.74
972,108,Mochila executiva,Acessorios,2026-01-21,2,208.39,416.78
3464,406,Monitor 27pol,Eletronicos,2024-07-08,2,1254.79,2509.58
1371,162,Livro infantil,Livros,2026-02-06,3,38.2,114.6
2198,261,Garrafa termica,Acessorios,2025-07-03,3,77.83,233.49
1063,125,Mouse sem fio,Eletronicos,2026-03-27,1,93.02,93.02
1017,118,Oculos de sol,Acessorios,2025-03-11,3,165.58,496.74
591,71,Garrafa termica,Acessorios,2026-06-22,2,79.73,159.46
2312,275,Teclado mecanico,Eletronicos,2025-02-05,3,308.0,924.0
538,64,Luminaria de mesa,Moveis,2026-06-07,1,152.8,152.8
1015,118,Organizador de mesa,Escritorio,2024-11-19,2,44.96,89.92
2909,345,Notebook Gamer,Eletronicos,2026-07-18,3,4462.18,13386.54
2288,272,Luminaria de mesa,Moveis,2026-03-14,3,142.15,426.45
994,113,Oculos de sol,Acessorios,2025-12-29,1,162.27,162.27
3482,408,Mochila executiva,Acessorios,2026-03-15,3,220.33,660.99
2349,278,Kit papelaria,Escritorio,2025-02-24,3,68.27,204.81
3091,366,Monitor 27pol,Eletronicos,2025-03-28,3,1450.07,4350.21
109,15,Mochila executiva,Acessorios,2025-05-04,2,195.88,391.76
364,43,Monitor 27pol,Eletronicos,2025-03-14,2,1410.24,2820.48
1009,116,Organizador de mesa,Escritorio,2026-01-31,3,43.11,129.33
2466,294,Livro tecnico,Livros,2026-06-01,2,116.43,232.86
311,39,Kit papelaria,Escritorio,2025-11-18,1,67.38,67.38
929,104,Mochila executiva,Acessorios,2025-07-15,2,215.18,430.36
2042,236,Notebook Gamer,Eletronicos,2025-09-07,2,4167.55,8335.1
315,39,Mochila executiva,Acessorios,2025-07-21,2,213.73,427.46
1918,223,Cadeira ergonomica,Moveis,2026-03-24,3,938.52,2815.56
3200,375,Luminaria de mesa,Moveis,2026-04-05,1,142.33,142.33
3178,374,Mochila executiva,Acessorios,2026-05-01,3,200.58,601.74
1598,186,Webcam HD,Eletronicos,2025-07-14,2,185.61,371.22
1689,196,Livro de ficcao,Livros,2025-07-05,3,52.07,156.21
974,109,Kit papelaria,Escritorio,2026-04-26,1,63.68,63.68
1653,192,Webcam HD,Eletronicos,2026-04-16,1,168.65,168.65
2036,236,Luminaria de mesa,Moveis,2026-03-28,3,146.49,439.47
1423,168,Livro infantil,Livros,2026-03-29,3,40.44,121.32
485,58,Livro de ficcao,Livros,2026-07-13,3,55.71,167.13
3164,372,Mochila executiva,Acessorios,2025-05-30,2,204.85,409.7
2762,325,Mouse sem fio,Eletronicos,2026-04-26,1,95.58,95.58
1500,178,Livro tecnico,Livros,2026-01-08,1,115.07,115.07
2090,243,Livro de ficcao,Livros,2025-03-05,2,53.61,107.22
775,89,Livro tecnico,Livros,2026-04-24,1,126.17,126.17
3339,391,Monitor 27pol,Eletronicos,2026-06-21,1,1244.05,1244.05
1223,147,Luminaria de mesa,Moveis,2026-04-23,2,159.32,318.64
229,29,Monitor 27pol,Eletronicos,2026-03-05,2,1421.2,2842.4
3483,408,Notebook Gamer,Eletronicos,2026-04-17,1,3966.46,3966.46
2936,348,Monitor 27pol,Eletronicos,2025-05-24,2,1431.14,2862.28
3373,395,Organizador de mesa,Escritorio,2025-08-01,3,41.7,125.1
482,58,Impressora multifuncional,Escritorio,2026-07-13,2,833.02,1666.04
1124,133,Mesa para escritorio,Moveis,2026-08-19,1,678.79,678.79
248,30,Impressora multifuncional,Escritorio,2025-08-10,3,952.17,2856.51
1846,213,Kit papelaria,Escritorio,2026-09-22,1,67.08,67.08
1460,172,Livro infantil,Livros,2025-12-15,2,39.59,79.18
2826,336,Mesa para escritorio,Moveis,2025-07-02,3,628.46,1885.38
1869,216,Monitor 27pol,Eletronicos,2026-04-13,1,1360.54,1360.54
2966,353,Estante de livros,Moveis,2026-09-09,3,417.4,1252.2
3181,374,Livro tecnico,Livros,2026-04-14,1,120.89,120.89
1973,230,Kit papelaria,Escritorio,2025-01-10,2,64.29,128.58
3062,363,Cadeira ergonomica,Moveis,2024-10-13,2,968.9,1937.8
3322,388,Monitor 27pol,Eletronicos,2026-03-13,2,1297.82,2595.64
3012,359,Organizador de mesa,Escritorio,2026-04-23,1,45.95,45.95
3500,410,Cadeira ergonomica,Moveis,2026-08-02,3,928.12,2784.36
799,91,Kit papelaria,Escritorio,2026-02-24,1,65.57,65.57
1932,224,Notebook Gamer,Eletronicos,2026-03-14,1,4491.22,4491.22
2297,273,Estante de livros,Moveis,2026-06-18,3,428.77,1286.31
1566,183,Monitor 27pol,Eletronicos,2026-08-07,1,1427.22,1427.22
305,39,Oculos de sol,Acessorios,2026-09-10,3,165.31,495.93
475,57,Luminaria de mesa,Moveis,2025-08-01,3,148.08,444.24
425,52,Garrafa termica,Acessorios,2025-04-14,3,72.96,218.88
1855,214,Monitor 27pol,Eletronicos,2026-01-22,2,1386.39,2772.78
918,101,Livro de ficcao,Livros,2026-08-16,1,57.34,57.34
3079,365,Impressora multifuncional,Escritorio,2026-03-22,2,864.96,1729.92
1520,179,Luminaria de mesa,Moveis,2025-07-12,1,149.95,149.95
3255,380,Livro de ficcao,Livros,2026-02-26,2,53.78,107.56
3299,386,Luminaria de mesa,Moveis,2026-04-20,1,161.0,161.0
1944,226,Kit papelaria,Escritorio,2026-06-28,1,62.76,62.76
2387,284,Luminaria de mesa,Moveis,2024-11-17,3,150.33,450.99
2926,347,Livro tecnico,Livros,2025-06-14,3,117.14,351.42
2235,265,Livro infantil,Livros,2026-07-23,3,41.93,125.79
2359,279,Monitor 27pol,Eletronicos,2026-09-30,1,1376.68,1376.68
2557,302,Livro infantil,Livros,2026-05-07,1,41.83,41.83
602,72,Monitor 27pol,Eletronicos,2025-02-18,1,1443.97,1443.97
2353,279,Livro de ficcao,Livros,2026-09-06,2,53.14,106.28
1646,190,Kit papelaria,Escritorio,2026-01-15,1,61.21,61.21
2493,296,Notebook Gamer,Eletronicos,2026-06-30,3,4014.4,12043.2
547,65,Notebook Gamer,Eletronicos,2025-10-20,2,4017.58,8035.16
2706,318,Livro tecnico,Livros,2026-03-30,1,115.63,115.63
2877,342,Notebook Gamer,Eletronicos,2026-08-26,1,4418.42,4418.42
2081,240,Mesa para escritorio,Moveis,2026-06-28,3,602.17,1806.51
549,65,Mesa para escritorio,Moveis,2026-06-05,1,649.99,649.99
1224,147,Livro infantil,Livros,2026-03-29,1,42.03,
2906,345,Webcam HD,Eletronicos,2025-12-19,3,188.24,564.72
3025,360,Teclado mecanico,Eletronicos,2026-05-05,2,295.48,590.96
644,78,Mesa para escritorio,Moveis,2026-05-29,3,664.97,1994.91
1245,149,Mesa para escritorio,Moveis,2026-04-19,1,610.58,610.58
713,84,Webcam HD,Eletronicos,2025-07-06,2,168.33,336.66
1252,151,Monitor 27pol,Eletronicos,2025-01-07,1,1262.91,1262.91
2612,308,Livro tecnico,Livros,2026-03-12,2,120.24,240.48
2973,354,Cadeira ergonomica,Moveis,2026-05-28,2,1043.38,2086.76
1612,187,Garrafa termica,Acessorios,2026-04-09,2,70.7,141.4
2079,240,Garrafa termica,Acessorios,2026-08-16,2,72.66,145.32
1173,138,Oculos de sol,Acessorios,2026-02-28,1,156.75,156.75
1134,134,Mochila executiva,Acessorios,2025-04-15,1,201.61,201.61
2750,323,Garrafa termica,Acessorios,2025-10-26,2,80.35,160.7
1103,130,Monitor 27pol,Eletronicos,2025-12-11,2,1442.94,2885.88
2763,325,Mouse sem fio,Eletronicos,2026-05-03,3,86.87,260.61
3225,378,Organizador de mesa,Escritorio,2026-08-06,2,42.35,84.7
238,29,Mochila executiva,Acessorios,2026-07-13,1,206.42,206.42
3353,392,Oculos de sol,Acessorios,2024-11-28,2,150.01,300.02
3035,361,Organizador de mesa,Escritorio,2026-09-25,3,46.77,140.31
2735,321,Livro infantil,Livros,2026-07-15,2,39.79,79.58
2135,250,Mochila executiva,Acessorios,2026-08-02,2,200.38,400.76
2171,255,Notebook Gamer,Eletronicos,2026-09-07,2,3909.0,7818.0
2517,299,Luminaria de mesa,Moveis,2025-04-13,2,145.43,290.86
2155,253,Livro de ficcao,Livros,2026-09-25,3,50.9,152.7
98,14,Livro infantil,Livros,2026-04-15,2,36.84,73.68
419,51,Livro tecnico,Livros,2026-07-16,3,125.95,
181,23,Kit papelaria,Escritorio,2026-09-03,2,64.59,129.18
1538,180,Estante de livros,Moveis,2026-02-05,3,401.01,1203.03
537,64,Mouse sem fio,Eletronicos,2026-01-21,2,91.6,183.2
61,9,Kit papelaria,Escritorio,2026-03-16,3,69.59,208.77
1807,209,Garrafa termica,Acessorios,2026-05-20,3,69.48,208.44
2166,254,Cadeira ergonomica,Moveis,2024-09-11,1,1036.92,1036.92
2060,238,Luminaria de mesa,Moveis,2026-04-20,3,145.01,435.03
289,37,Organizador de mesa,Escritorio,2025-07-17,3,46.19,138.57
1968,229,Notebook Gamer,Eletronicos,2025-07-25,1,4001.93,4001.93
3107,367,Notebook Gamer,Eletronicos,2025-10-03,1,3950.57,3950.57
1207,145,Teclado mecanico,Eletronicos,2026-08-24,3,333.99,1001.97
2796,331,Garrafa termica,Acessorios,2025-06-29,3,69.9,209.7
2723,320,Garrafa termica,Acessorios,2026-07-28,2,72.0,144.0
279,34,Teclado mecanico,Eletronicos,2026-05-01,2,345.16,690.32
1601,186,Garrafa termica,Acessorios,2025-07-07,3,73.86,221.58
1544,181,Luminaria de mesa,Moveis,2024-07-21,2,147.83,295.66
907,100,Livro de ficcao,Livros,2026-03-15,2,57.47,114.94
2040,236,Impressora multifuncional,Escritorio,2025-04-18,2,917.89,
638,77,Notebook Gamer,Eletronicos,2026-04-29,2,3946.94,7893.88
93,13,Webcam HD,Eletronicos,2026-07-28,2,178.0,356.0
1568,183,Garrafa termica,Acessorios,2026-07-15,1,72.22,72.22
3330,388,Mouse sem fio,Eletronicos,2026-03-23,2,96.94,
2722,320,Monitor 27pol,Eletronicos,2024-12-12,2,1391.76,2783.52
2578,305,Monitor 27pol,Eletronicos,2026-09-01,2,1431.04,2862.08
2030,235,Mesa para escritorio,Moveis,2026-04-07,3,613.95,1841.85
3495,410,Livro tecnico,Livros,2026-02-18,2,127.24,254.48
1030,119,Notebook Gamer,Eletronicos,2026-08-22,1,4459.03,4459.03
1097,129,Livro tecnico,Livros,2026-04-23,1,111.8,111.8
130,17,Impressora multifuncional,Escritorio,2026-07-29,3,900.75,2702.25
1037,120,Notebook Gamer,Eletronicos,2026-01-07,1,4262.75,4262.75
3540,414,Livro infantil,Livros,2025-12-10,1,41.4,41.4
3419,401,Notebook Gamer,Eletronicos,2025-09-16,3,3951.94,11855.82
95,13,Livro de ficcao,Livros,2026-05-29,2,56.94,113.88
1537,180,Estante de livros,Moveis,2025-09-16,3,439.87,1319.61
2638,311,Monitor 27pol,Eletronicos,2025-01-16,3,1347.89,4043.67
1053,125,Estante de livros,Moveis,2026-03-28,1,444.97,444.97
2863,340,Estante de livros,Moveis,2025-09-18,1,428.84,428.84
2266,269,Mochila executiva,Acessorios,2026-05-01,3,211.47,634.41
3268,383,Mesa para escritorio,Moveis,2026-07-09,2,608.09,1216.18
317,39,Teclado mecanico,Eletronicos,2026-03-14,2,308.34,616.68
2580,305,Oculos de sol,Acessorios,2026-07-08,3,148.2,444.6
264,32,Organizador de mesa,Escritorio,2025-03-07,1,43.67,43.67
2929,347,Oculos de sol,Acessorios,2025-09-15,2,165.1,330.2
2734,321,Monitor 27pol,Eletronicos,2026-08-22,1,1329.87,1329.87
576,70,Luminaria de mesa,Moveis,2025-12-04,2,156.81,313.62
256,31,Luminaria de mesa,Moveis,2026-03-04,2,149.96,299.92
977,109,Oculos de sol,Acessorios,2026-04-12,1,151.68,151.68
1203,143,Webcam HD,Eletronicos,2026-03-13,3,167.84,503.52
1803,209,Livro tecnico,Livros,2025-08-29,2,123.41,246.82
2440,290,Livro tecnico,Livros,2025-11-09,1,124.21,124.21
859,96,Livro de ficcao,Livros,2025-03-14,3,51.56,154.68
2747,323,Mesa para escritorio,Moveis,2026-01-19,2,670.62,1341.24
2872,342,Notebook Gamer,Eletronicos,2026-01-06,2,4212.56,8425.12
3023,360,Luminaria de mesa,Moveis,2025-04-16,2,153.95,307.9
2181,258,Garrafa termica,Acessorios,2026-06-06,3,70.89,212.67
3461,406,Livro de ficcao,Livros,2026-08-05,2,52.4,104.8
3545,414,Monitor 27pol,Eletronicos,2026-02-27,2,1366.39,2732.78
1006,116,Oculos de sol,Acessorios,2025-11-02,3,161.06,483.18
472,56,Teclado mecanico,Eletronicos,2026-06-21,2,324.21,648.42
2092,243,Impressora multifuncional,Escritorio,2025-05-01,3,867.61,2602.83
1000,116,Mochila executiva,Acessorios,2026-02-01,2,200.45,400.9
1395,165,Oculos de sol,Acessorios,2025-06-16,3,170.86,512.58
399,47,Livro de ficcao,Livros,2026-06-11,3,51.07,153.21
1577,185,Estante de livros,Moveis,2026-06-13,1,440.84,440.84
374,45,Monitor 27pol,Eletronicos,2025-03-15,1,1300.55,1300.55
337,41,Mochila executiva,Acessorios,2026-05-17,3,199.26,597.78
1997,232,Cadeira ergonomica,Moveis,2026-06-12,3,1007.82,3023.46
462,55,Mouse sem fio,Eletronicos,2026-07-04,1,85.75,85.75
435,53,Mouse sem fio,Eletronicos,2026-02-06,3,83.55,250.65
3199,375,Webcam HD,Eletronicos,2024-11-24,2,191.01,382.02
57,8,Impressora multifuncional,Escritorio,2025-08-11,2,820.36,1640.72
3234,378,Garrafa termica,Acessorios,2026-08-01,3,78.01,234.03
241,29,Livro infantil,Livros,2026-08-13,1,40.15,40.15
1637,190,Mouse sem fio,Eletronicos,2026-02-17,2,87.06,174.12
1790,207,Estante de livros,Moveis,2024-10-05,3,439.64,1318.92
1193,141,Oculos de sol,Acessorios,2026-01-11,3,158.46,475.38
1851,213,Livro de ficcao,Livros,2025-07-20,1,52.75,52.75
1574,184,Livro tecnico,Livros,2026-10-01,1,116.1,116.1
707,83,Mesa para escritorio,Moveis,2026-01-11,2,636.21,1272.42
1087,127,Mouse sem fio,Eletronicos,2025-05-28,2,94.12,188.24
1712,197,Impressora multifuncional,Escritorio,2025-11-23,2,874.1,1748.2
1588,185,Mouse sem fio,Eletronicos,2025-12-31,2,96.73,193.46
211,26,Oculos de sol,Acessorios,2026-04-12,1,168.54,168.54
2118,246,Oculos de sol,Acessorios,2025-07-21,1,148.2,148.2
3017,360,Monitor 27pol,Eletronicos,2026-04-09,3,1256.86,3770.58
2846,338,Teclado mecanico,Eletronicos,2025-03-04,1,296.25,296.25
2230,264,Livro de ficcao,Livros,2026-05-04,2,58.01,116.02
1795,208,Mesa para escritorio,Moveis,2026-06-14,1,672.12,672.12
1890,219,Oculos de sol,Acessorios,2025-10-20,2,158.96,317.92
444,54,Kit papelaria,Escritorio,2026-03-29,2,60.84,121.68
1119,132,Livro de ficcao,Livros,2026-04-30,3,57.65,172.95
837,94,Monitor 27pol,Eletronicos,2026-06-07,3,1258.41,3775.23
171,22,Garrafa termica,Acessorios,2025-10-04,3,78.69,236.07
2354,279,Livro tecnico,Livros,2026-07-24,3,119.24,357.72
1186,140,Livro de ficcao,Livros,2025-11-10,1,54.66,54.66
59,8,Mouse sem fio,Eletronicos,2025-08-03,1,86.06,86.06
3460,406,Livro de ficcao,Livros,2026-01-27,1,54.56,54.56
1613,187,Webcam HD,Eletronicos,2026-02-04,2,192.94,385.88
310,39,Garrafa termica,Acessorios,2025-11-05,2,70.34,140.68
1062,125,Kit papelaria,Escritorio,2026-04-21,1,60.47,60.47
3149,371,Garrafa termica,Acessorios,2026-04-10,1,77.2,77.2
631,75,Estante de livros,Moveis,2026-03-14,2,438.02,876.04
2355,279,Webcam HD,Eletronicos,2026-08-15,2,186.54,373.08
284,35,Oculos de sol,Acessorios,2026-09-17,2,148.15,296.3
3513,411,Livro de ficcao,Livros,2025-09-26,1,58.75,58.75
1916,222,Mouse sem fio,Eletronicos,2025-08-20,1,91.66,91.66
3074,364,Kit papelaria,Escritorio,2026-01-12,3,60.74,182.22
2823,336,Luminaria de mesa,Moveis,2025-12-11,2,145.05,290.1
2099,244,Garrafa termica,Acessorios,2025-06-08,1,74.84,74.84
2078,240,Impressora multifuncional,Escritorio,2025-10-12,3,879.16,2637.48
129,16,Mochila executiva,Acessorios,2025-11-26,2,197.68,395.36
2193,260,Kit papelaria,Escritorio,2025-06-22,1,61.39,61.39
29,3,Notebook Gamer,Eletronicos,2026-03-25,1,4207.87,4207.87
441,54,Livro de ficcao,Livros,2025-12-30,3,52.4,157.2
3110,368,Impressora multifuncional,Escritorio,2026-01-25,2,902.82,1805.64
986,112,Mochila executiva,Acessorios,2025-12-09,2,203.46,406.92
1227,147,Mouse sem fio,Eletronicos,2026-04-11,1,88.17,88.17
1057,125,Livro tecnico,Livros,2026-04-19,3,124.73,374.19
801,91,Oculos de sol,Acessorios,2026-08-30,2,157.77,315.54
546,65,Impressora multifuncional,Escritorio,2026-09-11,1,957.79,957.79
3375,395,Livro de ficcao,Livros,2025-07-02,1,58.64,58.64
2949,351,Monitor 27pol,Eletronicos,2025-05-27,1,1344.87,1344.87
531,63,Impressora multifuncional,Escritorio,2025-01-02,2,821.69,1643.38
3468,407,Monitor 27pol,Eletronicos,2026-07-29,2,1365.03,2730.06
2320,275,Organizador de mesa,Escritorio,2025-04-19,2,42.32,84.64
133,17,Cadeira ergonomica,Moveis,2026-04-24,2,1032.57,2065.14
1073,126,Livro infantil,Livros,2024-11-16,1,37.65,37.65
1463,172,Cadeira ergonomica,Moveis,2025-09-06,3,907.15,2721.45
3304,386,Livro infantil,Livros,2026-03-20,1,42.88,42.88
1400,165,Cadeira ergonomica,Moveis,2026-09-28,2,995.74,1991.48
3004,359,Webcam HD,Eletronicos,2026-04-23,3,186.14,558.42
759,88,Livro infantil,Livros,2024-05-23,1,42.74,42.74
3147,370,Garrafa termica,Acessorios,2025-09-02,2,76.35,152.7
769,88,Teclado mecanico,Eletronicos,2026-03-06,3,311.81,935.43
2451,292,Mouse sem fio,Eletronicos,2025-04-08,1,91.16,91.16
2054,237,Mesa para escritorio,Moveis,2025-07-29,2,651.26,1302.52
1159,137,Mouse sem fio,Eletronicos,2026-04-20,2,85.22,170.44
405,47,Estante de livros,Moveis,2025-10-21,2,445.88,891.76
1330,158,Kit papelaria,Escritorio,2026-09-04,2,69.95,139.9
429,53,Garrafa termica,Acessorios,2026-01-10,3,77.06,231.18
2452,292,Luminaria de mesa,Moveis,2026-03-29,2,143.04,286.08
1026,119,Garrafa termica,Acessorios,2026-01-05,1,79.25,79.25
3088,366,Luminaria de mesa,Moveis,2025-09-25,3,147.79,443.37
1819,211,Kit papelaria,Escritorio,2025-07-27,2,66.0,132.0
3195,375,Notebook Gamer,Eletronicos,2025-12-24,2,4446.94,8893.88
3575,419,Kit papelaria,Escritorio,2026-08-29,2,65.02,130.04
2490,296,Livro infantil,Livros,2026-09-09,3,42.23,126.69
2673,314,Luminaria de mesa,Moveis,2025-11-26,3,142.18,426.54
3227,378,Estante de livros,Moveis,2026-09-06,2,424.09,848.18
89,12,Mochila executiva,Acessorios,2024-11-16,1,209.63,209.63
2917,346,Monitor 27pol,Eletronicos,2025-08-23,3,1436.23,4308.69
1279,153,Livro infantil,Livros,2025-08-26,3,39.17,117.51
867,97,Notebook Gamer,Eletronicos,2026-02-22,1,4267.45,4267.45
1863,216,Kit papelaria,Escritorio,2026-05-02,1,61.29,61.29
1143,134,Mesa para escritorio,Moveis,2026-01-15,2,680.74,1361.48
2363,280,Mochila executiva,Acessorios,2026-03-13,3,225.81,677.43
2948,351,Monitor 27pol,Eletronicos,2025-12-12,3,1386.7,4160.1
1362,160,Cadeira ergonomica,Moveis,2026-04-28,3,940.43,2821.29
2783,328,Cadeira ergonomica,Moveis,2026-08-11,3,977.52,2932.56
1289,153,Mochila executiva,Acessorios,2026-08-15,3,200.97,602.91
2628,309,Webcam HD,Eletronicos,2025-12-23,1,166.95,166.95
2294,273,Webcam HD,Eletronicos,2025-03-10,3,192.83,578.49
3193,375,Mesa para escritorio,Moveis,2025-03-07,1,664.89,664.89
967,108,Webcam HD,Eletronicos,2024-12-19,2,193.16,386.32
1293,154,Garrafa termica,Acessorios,2026-07-28,2,79.12,158.24
1318,157,Livro de ficcao,Livros,2026-04-22,3,59.24,177.72
2767,326,Cadeira ergonomica,Moveis,2026-04-24,3,960.49,2881.47
989,113,Mesa para escritorio,Moveis,2025-07-01,2,635.73,1271.46
378,45,Mesa para escritorio,Moveis,2026-03-23,3,612.44,1837.32
3018,360,Notebook Gamer,Eletronicos,2025-10-31,1,4111.65,4111.65
218,27,Luminaria de mesa,Moveis,2024-12-27,2,156.42,312.84
2727,321,Organizador de mesa,Escritorio,2026-09-18,3,42.01,126.03
326,40,Livro infantil,Livros,2025-12-01,2,42.9,85.8
430,53,Livro infantil,Livros,2026-03-03,3,37.34,112.02
1707,197,Oculos de sol,Acessorios,2025-09-15,3,164.85,494.55
1534,180,Garrafa termica,Acessorios,2025-12-17,2,78.25,156.5
3308,386,Webcam HD,Eletronicos,2026-03-15,3,187.06,561.18
1593,186,Garrafa termica,Acessorios,2026-05-02,3,74.29,222.87
2313,275,Luminaria de mesa,Moveis,2026-09-26,1,141.79,141.79
1982,230,Luminaria de mesa,Moveis,2025-05-15,1,139.76,139.76
747,87,Kit papelaria,Escritorio,2025-11-23,1,69.36,69.36
1630,189,Oculos de sol,Acessorios,2025-12-25,2,166.19,332.38
2801,333,Garrafa termica,Acessorios,2026-06-02,3,70.25,210.75
3548,416,Livro de ficcao,Livros,2026-03-21,3,52.12,156.36
1708,197,Mouse sem fio,Eletronicos,2025-03-20,1,87.89,87.89
2283,272,Cadeira ergonomica,Moveis,2026-04-23,1,971.23,971.23
2002,232,Kit papelaria,Escritorio,2026-09-27,2,60.43,120.86
1377,163,Cadeira ergonomica,Moveis,2026-04-17,2,1005.36,2010.72
1762,205,Livro infantil,Livros,2025-02-12,2,41.47,82.94
2550,302,Oculos de sol,Acessorios,2026-09-11,2,160.94,321.88
2956,351,Cadeira ergonomica,Moveis,2025-06-16,1,980.75,980.75
2420,288,Livro tecnico,Livros,2026-07-18,2,124.4,248.8
195,24,Impressora multifuncional,Escritorio,2025-12-18,2,837.07,1674.14
1077,126,Webcam HD,Eletronicos,2026-02-22,1,181.57,181.57
2132,249,Livro tecnico,Livros,2025-12-31,2,125.08,250.16
810,92,Kit papelaria,Escritorio,2026-07-01,3,60.34,181.02
1021,118,Livro tecnico,Livros,2024-11-05,3,111.06,333.18
2341,278,Organizador de mesa,Escritorio,2026-03-10,2,45.42,90.84
1864,216,Mouse sem fio,Eletronicos,2026-04-27,3,96.43,289.29
694,82,Mouse sem fio,Eletronicos,2026-07-02,2,82.89,165.78
2739,322,Cadeira ergonomica,Moveis,2026-05-19,2,1006.22,2012.44
1926,223,Livro infantil,Livros,2025-12-04,1,40.47,40.47
1373,162,Mouse sem fio,Eletronicos,2026-02-19,2,87.73,175.46
2480,295,Kit papelaria,Escritorio,2026-07-31,3,69.51,208.53
695,82,Teclado mecanico,Eletronicos,2026-06-19,3,317.99,953.97
754,87,Mochila executiva,Acessorios,2025-06-28,2,206.83,413.66
3504,410,Livro de ficcao,Livros,2026-09-03,3,51.56,154.68
527,63,Monitor 27pol,Eletronicos,2025-04-14,1,1272.57,1272.57
1343,159,Mouse sem fio,Eletronicos,2025-08-02,1,85.65,85.65
2817,335,Teclado mecanico,Eletronicos,2026-07-18,2,312.53,625.06
2648,312,Mouse sem fio,Eletronicos,2025-07-24,1,93.5,93.5
2304,274,Cadeira ergonomica,Moveis,2026-05-19,2,994.69,1989.38
2370,280,Webcam HD,Eletronicos,2026-05-09,3,183.31,549.93
3045,362,Teclado mecanico,Eletronicos,2026-09-19,1,309.04,309.04
162,21,Organizador de mesa,Escritorio,2025-12-24,3,47.34,142.02
1901,221,Teclado mecanico,Eletronicos,2026-06-17,2,334.45,668.9
3486,408,Webcam HD,Eletronicos,2026-03-11,2,178.31,356.62
1714,198,Kit papelaria,Escritorio,2026-03-07,1,61.67,61.67
824,93,Livro infantil,Livros,2026-03-28,3,36.94,110.82
342,41,Livro tecnico,Livros,2026-01-06,1,112.95,112.95
3313,387,Garrafa termica,Acessorios,2026-04-28,3,71.68,215.04
3221,377,Mesa para escritorio,Moveis,2025-11-23,2,630.26,1260.52
943,105,Garrafa termica,Acessorios,2026-04-01,3,73.16,219.48
2932,347,Webcam HD,Eletronicos,2026-09-28,3,193.95,581.85
2828,337,Mouse sem fio,Eletronicos,2026-09-20,1,88.93,88.93
749,87,Livro infantil,Livros,2026-03-22,2,42.36,84.72
1018,118,Teclado mecanico,Eletronicos,2025-12-11,3,334.12,1002.36
1135,134,Mochila executiva,Acessorios,2024-11-14,1,221.73,221.73
2593,307,Estante de livros,Moveis,2025-05-17,1,408.32,408.32
3432,404,Monitor 27pol,Eletronicos,2026-03-06,3,1456.25,4368.75
1729,200,Impressora multifuncional,Escritorio,2025-06-03,3,846.55,2539.65
3011,359,Webcam HD,Eletronicos,2026-04-20,1,178.96,178.96
660,79,Organizador de mesa,Escritorio,2026-02-09,1,42.66,42.66
2864,340,Luminaria de mesa,Moveis,2026-07-08,2,161.3,322.6
3121,368,Organizador de mesa,Escritorio,2026-04-12,1,45.84,45.84
608,73,Impressora multifuncional,Escritorio,2026-03-15,1,880.72,880.72
2066,239,Mouse sem fio,Eletronicos,2025-10-29,3,93.97,281.91
1493,176,Notebook Gamer,Eletronicos,2026-08-20,1,4179.05,
1674,194,Livro tecnico,Livros,2026-07-09,3,120.47,361.41
166,21,Oculos de sol,Acessorios,2025-12-16,3,155.36,466.08
3560,417,Cadeira ergonomica,Moveis,2025-06-18,1,1033.13,1033.13
2754,323,Webcam HD,Eletronicos,2025-10-14,3,192.61,577.83
730,85,Oculos de sol,Acessorios,2025-09-14,1,166.82,166.82
3512,411,Livro infantil,Livros,2025-04-19,2,39.18,78.36
2186,259,Webcam HD,Eletronicos,2025-04-28,2,166.63,333.26
452,54,Garrafa termica,Acessorios,2026-01-09,2,73.54,147.08
138,18,Kit papelaria,Escritorio,2026-04-06,2,61.58,123.16
303,38,Livro de ficcao,Livros,2026-04-21,1,56.37,56.37
3450,405,Estante de livros,Moveis,2026-04-04,3,442.16,1326.48
1295,154,Livro infantil,Livros,2026-05-03,3,38.96,116.88
3278,384,Mesa para escritorio,Moveis,2026-03-14,1,661.14,661.14
3296,386,Estante de livros,Moveis,2026-04-25,1,396.79,396.79
665,79,Teclado mecanico,Eletronicos,2025-12-22,3,323.03,969.09
2067,239,Cadeira ergonomica,Moveis,2026-09-24,3,923.42,2770.26
436,53,Impressora multifuncional,Escritorio,2026-01-19,1,824.1,824.1
640,77,Kit papelaria,Escritorio,2026-04-29,1,68.74,68.74
1955,227,Oculos de sol,Acessorios,2026-01-11,3,147.96,443.88
2425,288,Cadeira ergonomica,Moveis,2026-08-30,3,989.04,2967.12
112,15,Garrafa termica,Acessorios,2026-01-20,1,78.67,78.67
2752,323,Kit papelaria,Escritorio,2026-01-05,3,68.21,204.63
1811,209,Cadeira ergonomica,Moveis,2025-05-20,2,1013.85,48263.71
41,5,Impressora multifuncional,Escritorio,2026-06-29,1,838.07,838.07
134,17,Organizador de mesa,Escritorio,2026-02-18,1,48.33,48.33
1553,182,Kit papelaria,Escritorio,2025-11-11,3,67.02,201.06
1782,207,Teclado mecanico,Eletronicos,2024-05-29,3,319.73,959.19
469,56,Organizador de mesa,Escritorio,2025-10-26,3,42.81,128.43
1735,200,Luminaria de mesa,Moveis,2025-08-27,2,149.8,299.6
1698,196,Kit papelaria,Escritorio,2026-01-10,3,64.52,193.56
590,71,Notebook Gamer,Eletronicos,2026-02-01,3,4404.95,13214.85
663,79,Impressora multifuncional,Escritorio,2025-11-24,2,842.3,1684.6
950,106,Monitor 27pol,Eletronicos,2026-08-21,3,1415.93,4247.79
2774,327,Livro tecnico,Livros,2025-06-21,3,129.15,387.45
2277,271,Notebook Gamer,Eletronicos,2025-11-29,3,4194.78,12584.34
1507,178,Impressora multifuncional,Escritorio,2025-12-07,2,843.46,1686.92
2089,243,Kit papelaria,Escritorio,2025-03-10,3,65.26,195.78
368,43,Mochila executiva,Acessorios,2025-09-08,2,197.07,394.14
3038,361,Teclado mecanico,Eletronicos,2026-05-28,3,304.1,912.3
3535,414,Livro infantil,Livros,2026-05-04,3,37.5,112.5
334,40,Oculos de sol,Acessorios,2025-10-14,2,168.24,336.48
1814,209,Impressora multifuncional,Escritorio,2026-02-10,3,935.58,2806.74
1551,182,Livro de ficcao,Livros,2026-01-18,1,59.24,59.24
561,66,Teclado mecanico,Eletronicos,2026-03-17,1,319.54,319.54
1484,174,Kit papelaria,Escritorio,2025-12-30,3,59.96,179.88
127,16,Teclado mecanico,Eletronicos,2026-05-08,3,313.46,940.38
3142,370,Teclado mecanico,Eletronicos,2026-01-26,2,310.82,621.64
322,40,Notebook Gamer,Eletronicos,2026-02-02,1,4034.47,4034.47
2969,354,Livro infantil,Livros,2026-03-20,2,37.81,75.62
3348,392,Mouse sem fio,Eletronicos,2026-01-22,3,89.43,268.29
2666,313,Cadeira ergonomica,Moveis,2026-05-04,1,933.39,933.39
963,108,Livro de ficcao,Livros,2025-11-30,1,56.08,56.08
2953,351,Oculos de sol,Acessorios,2024-12-09,2,166.02,332.04
1080,127,Impressora multifuncional,Escritorio,2025-07-28,1,943.34,943.34
2252,268,Kit papelaria,Escritorio,2026-07-14,3,60.85,182.55
249,30,Cadeira ergonomica,Moveis,2026-04-10,1,964.32,964.32
2117,246,Mouse sem fio,Eletronicos,2026-06-03,2,92.95,185.9
426,52,Mochila executiva,Acessorios,2026-03-04,1,223.79,223.79
1398,165,Kit papelaria,Escritorio,2025-06-15,2,65.93,131.86
3158,372,Mesa para escritorio,Moveis,2026-02-20,3,628.35,1885.05
2692,317,Cadeira ergonomica,Moveis,2026-06-12,2,905.5,1811.0
3014,359,Monitor 27pol,Eletronicos,2026-04-24,2,1406.03,2812.06
2403,287,Luminaria de mesa,Moveis,2026-04-22,2,139.05,278.1
3426,403,Estante de livros,Moveis,2026-06-03,2,420.27,840.54
2676,314,Livro tecnico,Livros,2026-01-13,2,110.49,220.98
2788,328,Livro infantil,Livros,2026-05-31,2,38.71,77.42
1705,197,Oculos de sol,Acessorios,2025-12-30,2,162.95,325.9
2501,297,Monitor 27pol,Eletronicos,2026-01-14,2,1361.75,2723.5
3516,411,Organizador de mesa,Escritorio,2025-06-22,1,46.2,46.2
1198,142,Mouse sem fio,Eletronicos,2025-11-17,3,86.99,260.97
157,20,Luminaria de mesa,Moveis,2026-05-08,2,147.09,294.18
1878,218,Estante de livros,Moveis,2026-03-18,2,429.97,859.94
1449,171,Impressora multifuncional,Escritorio,2026-09-04,3,873.64,2620.92
3459,406,Livro de ficcao,Livros,2025-05-23,3,56.1,168.3
2502,297,Oculos de sol,Acessorios,2026-02-04,3,165.62,496.86
1182,140,Cadeira ergonomica,Moveis,2025-12-27,2,987.73,1975.46
2595,307,Mesa para escritorio,Moveis,2025-12-19,3,628.68,1886.04
167,21,Garrafa termica,Acessorios,2026-08-13,3,72.92,5843.09
2256,269,Organizador de mesa,Escritorio,2026-07-03,3,42.23,126.69
1388,164,Luminaria de mesa,Moveis,2025-01-03,3,148.56,445.68
742,87,Kit papelaria,Escritorio,2025-12-29,1,64.71,64.71
2308,275,Oculos de sol,Acessorios,2025-02-28,3,152.93,458.79
1949,227,Monitor 27pol,Eletronicos,2026-01-13,1,1426.93,1426.93
866,96,Mochila executiva,Acessorios,2025-09-25,2,214.65,429.3
2014,234,Organizador de mesa,Escritorio,2025-08-19,3,42.3,126.9
722,85,Livro tecnico,Livros,2026-08-27,1,128.99,128.99
2465,293,Monitor 27pol,Eletronicos,2026-07-02,2,1414.25,2828.5
820,92,Monitor 27pol,Eletronicos,2026-01-28,3,1255.02,3765.06
582,70,Cadeira ergonomica,Moveis,2026-03-23,1,980.34,980.34
1799,208,Estante de livros,Moveis,2026-05-24,3,438.88,1316.64
1570,183,Notebook Gamer,Eletronicos,2026-07-20,2,4184.78,8369.56
1894,220,Mochila executiva,Acessorios,2026-03-07,1,205.06,205.06
3473,407,Livro tecnico,Livros,2025-03-23,1,113.57,113.57
1422,168,Livro tecnico,Livros,2026-05-03,1,123.48,123.48
2361,280,Mesa para escritorio,Moveis,2026-03-23,2,630.84,1261.68
1052,125,Webcam HD,Eletronicos,2026-05-03,1,186.98,186.98
196,25,Livro infantil,Livros,2026-02-13,3,39.68,119.04
1461,172,Organizador de mesa,Escritorio,2026-07-22,3,47.88,143.64
2791,330,Webcam HD,Eletronicos,2026-06-25,1,167.93,167.93
1229,147,Luminaria de mesa,Moveis,2026-04-13,2,149.68,299.36
53,7,Webcam HD,Eletronicos,2026-04-15,1,187.12,187.12
2919,346,Luminaria de mesa,Moveis,2025-10-15,3,161.59,484.77
3113,368,Garrafa termica,Acessorios,2025-11-17,2,80.77,161.54
1688,196,Livro tecnico,Livros,2025-07-11,2,115.84,231.68
2916,346,Livro tecnico,Livros,2026-04-27,1,124.56,124.56
2758,324,Kit papelaria,Escritorio,2026-05-16,2,69.5,139.0
882,98,Mouse sem fio,Eletronicos,2025-08-09,2,85.23,170.46
2124,247,Cadeira ergonomica,Moveis,2026-09-15,3,918.48,2755.44
3054,362,Monitor 27pol,Eletronicos,2026-06-29,1,1444.39,1444.39
2853,338,Cadeira ergonomica,Moveis,2025-04-29,1,1017.18,1017.18
1192,141,Webcam HD,Eletronicos,2025-12-14,1,177.89,177.89
3492,409,Teclado mecanico,Eletronicos,2026-06-05,3,310.04,930.12
1443,170,Webcam HD,Eletronicos,2025-02-05,1,177.9,177.9
2637,311,Garrafa termica,Acessorios,2025-07-26,3,72.53,217.59
296,37,Monitor 27pol,Eletronicos,2025-12-21,2,1456.13,2912.26
3169,373,Garrafa termica,Acessorios,2026-03-01,2,73.32,146.64
42,5,Livro de ficcao,Livros,2026-09-04,2,58.63,117.26
3287,385,Webcam HD,Eletronicos,2025-12-16,3,191.63,574.89
3281,384,Oculos de sol,Acessorios,2025-12-06,2,155.08,310.16
1645,190,Livro de ficcao,Livros,2026-03-06,1,55.88,55.88
2813,335,Mochila executiva,Acessorios,2026-09-08,1,223.02,223.02
1471,173,Mochila executiva,Acessorios,2026-06-19,3,212.9,638.7
757,87,Oculos de sol,Acessorios,2025-07-15,1,149.38,149.38
544,65,Webcam HD,Eletronicos,2026-01-04,3,179.39,538.17
2423,288,Garrafa termica,Acessorios,2025-11-21,3,73.41,220.23
4,1,Estante de livros,Moveis,2026-02-03,3,438.4,1315.2
2188,259,Monitor 27pol,Eletronicos,2025-04-21,1,1390.57,1390.57
2083,241,Luminaria de mesa,Moveis,2026-03-11,2,154.53,309.06
2340,278,Mesa para escritorio,Moveis,2026-07-31,1,629.5,629.5
2968,353,Monitor 27pol,Eletronicos,2024-08-07,2,1244.97,2489.94
3061,363,Impressora multifuncional,Escritorio,2026-05-11,3,911.95,2735.85
3397,399,Notebook Gamer,Eletronicos,2025-03-23,3,4307.24,12921.72
2310,275,Livro de ficcao,Livros,2024-11-15,1,53.13,53.13
225,28,Kit papelaria,Escritorio,2025-08-28,1,62.15,62.15
216,27,Cadeira ergonomica,Moveis,2025-04-05,3,935.13,2805.39
3285,385,Monitor 27pol,Eletronicos,2024-12-23,3,1309.51,3928.53
873,97,Kit papelaria,Escritorio,2026-05-25,3,68.82,206.46
796,91,Webcam HD,Eletronicos,2025-08-12,2,171.45,342.9
3041,361,Livro infantil,Livros,2026-05-10,1,40.83,40.83
3130,369,Teclado mecanico,Eletronicos,2026-09-29,3,327.75,983.25
517,62,Organizador de mesa,Escritorio,2025-12-23,2,46.81,93.62
146,19,Livro de ficcao,Livros,2025-04-04,2,57.0,114.0
857,96,Garrafa termica,Acessorios,2025-11-20,2,74.41,148.82
244,30,Notebook Gamer,Eletronicos,2026-04-08,3,3888.28,11664.84
1158,137,Oculos de sol,Acessorios,2026-04-16,1,160.55,160.55
2268,269,Mochila executiva,Acessorios,2026-06-17,2,222.4,444.8
2556,302,Livro infantil,Livros,2026-04-10,1,41.95,41.95
2489,296,Organizador de mesa,Escritorio,2026-07-20,3,47.21,141.63
1730,200,Estante de livros,Moveis,2026-03-07,2,395.37,790.74
2967,353,Teclado mecanico,Eletronicos,2024-11-15,1,337.46,337.46
3145,370,Estante de livros,Moveis,2025-11-14,2,404.15,808.3
54,7,Mochila executiva,Acessorios,2026-04-17,1,210.72,210.72
878,97,Livro infantil,Livros,2026-06-17,3,37.11,111.33
3561,417,Impressora multifuncional,Escritorio,2025-08-12,3,899.0,2697.0
3502,410,Kit papelaria,Escritorio,2026-05-03,2,64.61,129.22
3340,392,Estante de livros,Moveis,2024-08-16,3,392.15,1176.45
2093,243,Livro de ficcao,Livros,2026-01-12,2,57.61,115.22
3092,366,Monitor 27pol,Eletronicos,2026-02-24,1,1343.05,1343.05
664,79,Teclado mecanico,Eletronicos,2025-12-04,2,333.1,666.2
1656,192,Livro infantil,Livros,2026-07-02,2,37.12,74.24
921,102,Mouse sem fio,Eletronicos,2025-12-15,3,83.21,249.63
26,3,Monitor 27pol,Eletronicos,2025-04-08,2,1450.74,2901.48
1357,160,Cadeira ergonomica,Moveis,2026-10-01,1,986.01,986.01
2357,279,Livro tecnico,Livros,2026-08-17,1,117.71,117.71
1104,130,Mesa para escritorio,Moveis,2025-04-08,1,632.43,632.43
287,36,Kit papelaria,Escritorio,2026-08-14,2,62.97,125.94
1439,169,Livro de ficcao,Livros,2026-09-15,1,50.94,50.94
902,100,Teclado mecanico,Eletronicos,2026-09-10,1,303.99,303.99
2979,355,Livro tecnico,Livros,2026-01-21,1,118.31,118.31
78,10,Luminaria de mesa,Moveis,2026-05-03,1,140.6,140.6
2935,348,Garrafa termica,Acessorios,2025-07-24,1,73.32,73.32
2385,284,Monitor 27pol,Eletronicos,2026-01-20,3,1359.57,4078.71
240,29,Cadeira ergonomica,Moveis,2026-08-02,2,1028.52,2057.04
2439,290,Livro infantil,Livros,2026-09-01,3,42.87,128.61
2253,268,Mesa para escritorio,Moveis,2026-07-14,2,694.27,1388.54
377,45,Kit papelaria,Escritorio,2026-05-15,1,63.7,63.7
2588,306,Teclado mecanico,Eletronicos,2026-01-31,3,313.25,939.75
2278,272,Kit papelaria,Escritorio,2026-03-21,2,69.36,138.72
2404,287,Luminaria de mesa,Moveis,2026-04-15,3,148.09,444.27
626,74,Livro tecnico,Livros,2025-05-11,2,112.89,225.78
1508,178,Luminaria de mesa,Moveis,2026-04-30,1,157.68,157.68
692,82,Livro de ficcao,Livros,2026-05-15,3,58.14,174.42
724,85,Livro de ficcao,Livros,2026-08-24,1,56.87,56.87
1270,152,Notebook Gamer,Eletronicos,2026-03-25,1,3914.37,3914.37
2959,352,Livro tecnico,Livros,2025-12-22,3,129.47,388.41
214,27,Livro de ficcao,Livros,2025-05-24,2,54.68,109.36
2454,293,Kit papelaria,Escritorio,2026-07-02,2,66.82,133.64
575,70,Cadeira ergonomica,Moveis,2026-01-16,3,916.01,2748.03
2494,296,Garrafa termica,Acessorios,2026-05-08,3,71.82,215.46
1255,151,Organizador de mesa,Escritorio,2026-02-13,3,44.88,134.64
2539,300,Livro infantil,Livros,2025-06-19,1,37.76,37.76
22,2,Monitor 27pol,Eletronicos,2026-04-16,2,1407.85,2815.7
1821,211,Livro infantil,Livros,2025-12-14,3,38.19,114.57
2561,303,Luminaria de mesa,Moveis,2026-04-14,3,155.14,465.42
2945,351,Livro de ficcao,Livros,2024-11-03,3,51.47,154.41
2368,280,Kit papelaria,Escritorio,2026-02-11,1,68.02,68.02
2024,235,Organizador de mesa,Escritorio,2025-10-25,2,45.61,91.22
3094,366,Estante de livros,Moveis,2024-11-05,1,392.73,392.73
471,56,Monitor 27pol,Eletronicos,2026-02-24,1,1374.79,1374.79
1499,178,Mochila executiva,Acessorios,2026-03-01,3,216.06,648.18
2721,320,Estante de livros,Moveis,2026-04-12,2,434.23,868.46
1556,182,Livro tecnico,Livros,2026-07-06,1,112.03,112.03
3487,408,Mesa para escritorio,Moveis,2026-04-07,3,599.26,1797.78
1760,204,Kit papelaria,Escritorio,2026-08-24,1,61.43,61.43
1139,134,Mochila executiva,Acessorios,2024-09-19,1,209.72,209.72
3230,378,Luminaria de mesa,Moveis,2026-09-23,1,151.45,151.45
2319,275,Garrafa termica,Acessorios,2026-03-05,3,74.46,223.38
2309,275,Garrafa termica,Acessorios,2026-07-06,3,79.37,238.11
2615,309,Teclado mecanico,Eletronicos,2026-04-14,1,342.14,342.14
432,53,Webcam HD,Eletronicos,2026-01-06,1,186.42,186.42
669,80,Estante de livros,Moveis,2025-08-18,1,411.01,411.01
20,2,Mouse sem fio,Eletronicos,2026-04-18,3,87.22,261.66
226,28,Luminaria de mesa,Moveis,2025-09-17,2,158.99,317.98
594,71,Estante de livros,Moveis,2024-12-15,2,403.69,807.38
2993,357,Notebook Gamer,Eletronicos,2026-09-13,2,4237.44,8474.88
2164,254,Livro tecnico,Livros,2025-03-04,2,110.98,221.96
1068,126,Organizador de mesa,Escritorio,2026-03-14,2,45.76,91.52
1683,195,Monitor 27pol,Eletronicos,2026-04-14,3,1342.29,4026.87
3176,373,Livro infantil,Livros,2025-11-03,2,39.28,78.56
3174,373,Estante de livros,Moveis,2025-11-15,1,451.56,451.56
3190,374,Mochila executiva,Acessorios,2026-04-22,1,198.2,198.2
1880,218,Cadeira ergonomica,Moveis,2026-08-28,1,1026.24,1026.24
2247,268,Notebook Gamer,Eletronicos,2026-07-14,1,4484.77,4484.77
438,53,Livro tecnico,Livros,2026-04-06,1,122.26,122.26
593,71,Notebook Gamer,Eletronicos,2026-04-01,2,4152.08,8304.16
1752,203,Impressora multifuncional,Escritorio,2026-04-25,3,891.29,2673.87
685,81,Teclado mecanico,Eletronicos,2026-07-22,2,309.73,619.46
2111,245,Webcam HD,Eletronicos,2025-07-04,1,169.64,169.64
945,105,Livro infantil,Livros,2026-05-04,1,37.65,37.65
3002,357,Cadeira ergonomica,Moveis,2026-09-06,3,917.1,2751.3
2820,335,Organizador de mesa,Escritorio,2026-05-22,1,44.65,44.65
3593,420,Kit papelaria,Escritorio,2026-04-20,1,66.54,66.54
49,6,Mochila executiva,Acessorios,2025-08-11,1,210.57,210.57
3,1,Luminaria de mesa,Moveis,2026-01-25,1,139.9,139.9
3198,375,Kit papelaria,Escritorio,2026-09-24,1,66.0,66.0
3405,399,Luminaria de mesa,Moveis,2025-06-14,1,152.04,152.04
894,100,Garrafa termica,Acessorios,2026-09-12,2,80.83,161.66
2429,289,Livro de ficcao,Livros,2026-02-18,2,56.62,113.24
1137,134,Luminaria de mesa,Moveis,2024-12-10,2,160.43,320.86
51,7,Organizador de mesa,Escritorio,2026-05-03,3,47.83,143.49
1175,138,Mochila executiva,Acessorios,2025-12-22,1,217.2,217.2
1983,230,Webcam HD,Eletronicos,2025-10-16,2,193.76,387.52
2658,312,Oculos de sol,Acessorios,2025-11-28,1,156.76,156.76
2151,252,Cadeira ergonomica,Moveis,2026-06-26,3,1023.81,3071.43
2336,276,Garrafa termica,Acessorios,2026-04-03,1,79.34,79.34
944,105,Impressora multifuncional,Escritorio,2025-03-11,1,866.06,866.06
1204,144,Organizador de mesa,Escritorio,2024-08-29,2,47.02,94.04
1429,168,Monitor 27pol,Eletronicos,2026-04-20,2,1368.78,2737.56
220,28,Kit papelaria,Escritorio,2026-01-18,3,65.15,195.45
895,100,Luminaria de mesa,Moveis,2025-11-10,2,153.28,306.56
1176,139,Luminaria de mesa,Moveis,2026-06-08,1,139.58,139.58
2710,318,Organizador de mesa,Escritorio,2024-12-02,3,47.2,141.6
1891,219,Impressora multifuncional,Escritorio,2026-08-10,3,843.28,2529.84
1307,156,Livro de ficcao,Livros,2026-01-01,1,52.06,52.06
1476,173,Kit papelaria,Escritorio,2025-08-02,3,62.77,4762.29
106,15,Cadeira ergonomica,Moveis,2025-06-18,1,950.74,950.74
624,74,Livro de ficcao,Livros,2025-08-25,1,50.71,50.71
2187,259,Livro infantil,Livros,2025-12-01,2,40.06,80.12
706,83,Oculos de sol,Acessorios,2025-11-05,2,168.02,336.04
740,86,Cadeira ergonomica,Moveis,2025-12-26,3,1047.6,3142.8
671,80,Cadeira ergonomica,Moveis,2025-03-05,1,1021.27,1021.27
2105,245,Organizador de mesa,Escritorio,2026-03-01,1,44.16,44.16
1226,147,Mesa para escritorio,Moveis,2026-04-27,2,685.89,1371.78
27,3,Teclado mecanico,Eletronicos,2025-08-18,1,310.05,310.05
1076,126,Notebook Gamer,Eletronicos,2025-12-28,1,4062.52,4062.52
2448,292,Webcam HD,Eletronicos,2026-01-27,3,168.72,506.16
2456,293,Garrafa termica,Acessorios,2026-07-02,1,79.95,79.95
1022,118,Livro tecnico,Livros,2024-10-09,2,127.1,254.2
416,50,Monitor 27pol,Eletronicos,2025-11-02,2,1390.93,2781.86
3126,369,Livro de ficcao,Livros,2026-06-15,2,50.92,
1416,167,Livro de ficcao,Livros,2026-08-20,3,54.67,164.01
1163,137,Organizador de mesa,Escritorio,2026-01-05,3,47.06,141.18
250,30,Luminaria de mesa,Moveis,2025-11-10,3,157.31,471.93
2565,303,Mochila executiva,Acessorios,2026-05-06,1,208.44,208.44
2821,336,Luminaria de mesa,Moveis,2024-12-04,2,157.72,315.44
774,89,Mesa para escritorio,Moveis,2025-06-20,1,685.12,
2269,270,Livro infantil,Livros,2024-08-02,2,39.2,78.4
3210,377,Livro infantil,Livros,2025-09-25,3,39.6,2500.13
1850,213,Organizador de mesa,Escritorio,2026-07-22,1,46.84,46.84
1358,160,Oculos de sol,Acessorios,2026-09-27,1,159.31,159.31
2753,323,Mochila executiva,Acessorios,2025-11-15,3,225.02,675.06
2511,298,Oculos de sol,Acessorios,2025-10-30,3,154.15,462.45
973,109,Kit papelaria,Escritorio,2026-02-25,3,60.93,182.79
1929,224,Organizador de mesa,Escritorio,2026-03-13,2,45.59,91.18
10,2,Monitor 27pol,Eletronicos,2026-01-31,3,1390.15,4170.45
1651,191,Garrafa termica,Acessorios,2026-07-06,2,73.82,
521,62,Estante de livros,Moveis,2026-04-21,1,450.53,450.53
2702,318,Mouse sem fio,Eletronicos,2026-04-29,3,84.43,253.29
709,83,Notebook Gamer,Eletronicos,2025-09-04,1,4229.43,4229.43
3070,364,Garrafa termica,Acessorios,2025-11-10,1,79.06,79.06
1629,189,Teclado mecanico,Eletronicos,2025-11-22,3,298.1,894.3
1340,159,Luminaria de mesa,Moveis,2025-09-25,2,143.3,286.6
1832,212,Livro infantil,Livros,2026-04-27,1,36.96,36.96
3154,371,Oculos de sol,Acessorios,2026-04-16,1,150.45,150.45
604,72,Cadeira ergonomica,Moveis,2026-08-31,1,1040.4,1040.4
566,67,Luminaria de mesa,Moveis,2026-04-30,1,159.73,159.73
1963,229,Estante de livros,Moveis,2025-01-13,2,391.61,783.22
1919,223,Notebook Gamer,Eletronicos,2025-08-12,1,4499.5,4499.5
2736,322,Impressora multifuncional,Escritorio,2026-08-29,1,895.79,895.79
851,95,Organizador de mesa,Escritorio,2025-01-17,3,44.75,134.25
1860,216,Kit papelaria,Escritorio,2026-04-12,1,62.67,62.67
50,6,Notebook Gamer,Eletronicos,2026-04-10,3,4441.02,13323.06
1196,142,Cadeira ergonomica,Moveis,2025-04-18,1,918.95,918.95
3544,414,Livro infantil,Livros,2026-05-01,3,37.86,113.58
2952,351,Notebook Gamer,Eletronicos,2025-08-24,2,4362.19,8724.38
966,108,Mesa para escritorio,Moveis,2025-03-02,2,651.45,1302.9
2344,278,Teclado mecanico,Eletronicos,2025-04-29,3,307.16,921.48
1107,130,Teclado mecanico,Eletronicos,2025-09-17,3,324.99,974.97
2845,338,Estante de livros,Moveis,2026-01-16,1,393.83,393.83
1797,208,Notebook Gamer,Eletronicos,2026-05-20,2,4108.56,8217.12
2395,285,Webcam HD,Eletronicos,2026-05-23,1,169.31,169.31
746,87,Estante de livros,Moveis,2025-03-27,2,388.17,776.34
2007,233,Cadeira ergonomica,Moveis,2026-07-15,2,1023.68,2047.36
1750,203,Livro de ficcao,Livros,2026-09-28,1,51.98,51.98
1,1,Livro tecnico,Livros,2025-04-04,3,114.98,344.94
2505,298,Oculos de sol,Acessorios,2026-05-02,3,165.57,496.71
3207,375,Estante de livros,Moveis,2025-05-18,3,427.83,
2202,261,Notebook Gamer,Eletronicos,2026-04-28,2,4197.67,8395.34
2526,299,Monitor 27pol,Eletronicos,2025-08-13,3,1275.26,3825.78
897,100,Mochila executiva,Acessorios,2025-07-02,3,195.76,587.28
1071,126,Luminaria de mesa,Moveis,2025-01-15,3,139.33,417.99
2201,261,Notebook Gamer,Eletronicos,2024-10-15,1,4364.8,4364.8
2443,291,Mochila executiva,Acessorios,2026-01-08,2,199.59,399.18
3383,396,Livro infantil,Livros,2025-07-06,3,39.86,119.58
2433,289,Monitor 27pol,Eletronicos,2026-02-17,3,1336.25,4008.75
2986,356,Organizador de mesa,Escritorio,2024-09-14,2,43.68,87.36
610,73,Mochila executiva,Acessorios,2025-07-26,3,222.7,668.1
1972,229,Notebook Gamer,Eletronicos,2026-04-10,1,4040.62,4040.62
2601,308,Estante de livros,Moveis,2026-04-08,1,449.25,449.25
1924,223,Estante de livros,Moveis,2025-08-19,1,441.5,441.5
2461,293,Mesa para escritorio,Moveis,2026-07-02,1,618.06,618.06
2613,308,Livro infantil,Livros,2025-10-14,2,42.95,85.9
1631,189,Estante de livros,Moveis,2026-02-16,2,399.71,799.42
1858,215,Teclado mecanico,Eletronicos,2026-05-14,3,312.7,938.1
1614,187,Livro infantil,Livros,2026-03-21,3,39.6,118.8
1524,179,Cadeira ergonomica,Moveis,2026-09-20,3,977.6,2932.8
300,37,Notebook Gamer,Eletronicos,2026-03-22,2,4036.67,8073.34
1257,151,Monitor 27pol,Eletronicos,2025-08-08,1,1379.22,1379.22
811,92,Livro infantil,Livros,2026-03-09,2,39.18,78.36
2629,309,Mesa para escritorio,Moveis,2026-01-13,1,616.38,616.38
1127,133,Oculos de sol,Acessorios,2026-08-31,2,156.72,313.44
3093,366,Kit papelaria,Escritorio,2026-06-25,3,69.61,208.83
1834,212,Impressora multifuncional,Escritorio,2026-06-29,1,914.69,914.69
1967,229,Luminaria de mesa,Moveis,2026-07-08,2,141.92,283.84
339,41,Oculos de sol,Acessorios,2026-09-04,3,169.99,509.97
956,106,Luminaria de mesa,Moveis,2026-08-03,1,150.49,150.49
1847,213,Mesa para escritorio,Moveis,2025-08-15,1,609.15,609.15
529,63,Cadeira ergonomica,Moveis,2024-05-29,3,965.22,2895.66
1036,120,Notebook Gamer,Eletronicos,2025-07-07,3,4520.74,13562.22
277,34,Luminaria de mesa,Moveis,2026-07-02,3,154.31,462.93
2598,307,Mochila executiva,Acessorios,2025-03-09,3,216.61,649.83
2315,275,Organizador de mesa,Escritorio,2025-03-02,2,43.88,87.76
390,46,Livro tecnico,Livros,2025-03-16,2,111.07,222.14
420,51,Mouse sem fio,Eletronicos,2026-07-21,2,88.09,176.18
539,64,Cadeira ergonomica,Moveis,2026-06-03,2,1044.51,
2649,312,Livro infantil,Livros,2025-08-03,3,41.44,124.32
1035,120,Notebook Gamer,Eletronicos,2026-04-02,2,4005.1,8010.2
1447,171,Monitor 27pol,Eletronicos,2026-09-06,3,1274.09,3822.27
223,28,Mesa para escritorio,Moveis,2025-09-07,1,621.3,621.3
1086,127,Livro infantil,Livros,2026-01-29,2,38.57,77.14
208,26,Luminaria de mesa,Moveis,2026-01-09,3,159.55,478.65
633,75,Estante de livros,Moveis,2026-06-16,2,445.98,891.96
2110,245,Impressora multifuncional,Escritorio,2025-11-26,1,826.67,826.67
2579,305,Livro de ficcao,Livros,2026-08-06,1,51.02,51.02
993,113,Notebook Gamer,Eletronicos,2024-12-27,1,4340.83,4340.83
1722,198,Teclado mecanico,Eletronicos,2026-03-06,1,344.9,344.9
3366,394,Luminaria de mesa,Moveis,2026-06-25,3,150.77,452.31
1047,123,Notebook Gamer,Eletronicos,2024-10-22,2,3950.2,7900.4
2464,293,Notebook Gamer,Eletronicos,2026-07-02,1,4485.11,4485.11
1625,189,Livro tecnico,Livros,2026-05-09,1,120.66,120.66
185,24,Teclado mecanico,Eletronicos,2025-03-07,1,327.74,327.74
3273,384,Livro infantil,Livros,2026-01-24,3,38.77,116.31
2140,251,Monitor 27pol,Eletronicos,2026-06-26,2,1448.67,2897.34
2178,257,Mochila executiva,Acessorios,2026-09-16,1,202.76,202.76
2740,322,Mochila executiva,Acessorios,2026-09-14,1,207.45,207.45
720,84,Livro de ficcao,Livros,2025-07-09,1,56.69,56.69
2481,295,Livro tecnico,Livros,2025-08-01,2,116.56,233.12
2059,237,Impressora multifuncional,Escritorio,2025-11-12,1,864.32,864.32
2875,342,Garrafa termica,Acessorios,2026-02-01,2,77.59,155.18
1525,180,Mesa para escritorio,Moveis,2024-12-29,1,637.8,637.8
359,42,Mouse sem fio,Eletronicos,2026-03-05,2,88.1,176.2
1886,219,Webcam HD,Eletronicos,2026-01-25,1,188.94,188.94
1344,159,Impressora multifuncional,Escritorio,2026-06-02,2,940.82,1881.64
2771,326,Webcam HD,Eletronicos,2026-04-10,2,166.95,333.9
2446,292,Estante de livros,Moveis,2025-12-03,1,410.96,410.96
3572,418,Mesa para escritorio,Moveis,2026-03-06,2,694.27,1388.54
1433,168,Notebook Gamer,Eletronicos,2026-04-20,1,4299.17,4299.17
2665,313,Luminaria de mesa,Moveis,2026-06-17,3,149.9,449.7
2653,312,Teclado mecanico,Eletronicos,2025-08-11,2,294.93,589.86
836,94,Luminaria de mesa,Moveis,2026-07-30,2,158.57,317.14
1296,154,Impressora multifuncional,Escritorio,2026-10-01,2,849.33,1698.66
3201,375,Estante de livros,Moveis,2026-05-27,3,425.59,1276.77
1965,229,Notebook Gamer,Eletronicos,2026-01-24,3,4479.7,13439.1
725,85,Livro tecnico,Livros,2026-03-06,3,123.25,369.75
1573,184,Teclado mecanico,Eletronicos,2026-06-29,2,296.59,593.18
2946,351,Garrafa termica,Acessorios,2025-03-29,3,74.96,224.88
538,64,Luminaria de mesa,Moveis,2026-06-07,1,152.8,152.8
2922,347,Cadeira ergonomica,Moveis,2026-09-17,3,973.98,2921.94
2780,327,Webcam HD,Eletronicos,2026-06-27,1,167.1,167.1
3454,406,Mouse sem fio,Eletronicos,2024-08-21,3,90.11,270.33
3125,369,Livro infantil,Livros,2026-06-18,3,42.92,128.76
3239,379,Livro infantil,Livros,2026-03-25,2,39.27,78.54
2816,335,Mouse sem fio,Eletronicos,2026-08-06,2,85.77,171.54
2257,269,Impressora multifuncional,Escritorio,2026-09-11,1,902.73,902.73
2193,260,Kit papelaria,Escritorio,2025-06-22,1,61.39,61.39
2789,329,Estante de livros,Moveis,2026-06-22,1,388.08,388.08
1403,165,Mouse sem fio,Eletronicos,2025-03-03,1,85.53,85.53
2019,234,Livro tecnico,Livros,2025-10-07,1,117.69,117.69
1586,185,Teclado mecanico,Eletronicos,2026-02-22,3,297.65,892.95
3108,368,Notebook Gamer,Eletronicos,2026-01-11,3,4245.27,12735.81
2222,263,Kit papelaria,Escritorio,2026-07-01,2,67.51,135.02
2530,300,Kit papelaria,Escritorio,2026-01-07,3,61.69,185.07
3141,370,Webcam HD,Eletronicos,2025-09-12,1,175.53,175.53
3019,360,Garrafa termica,Acessorios,2026-01-02,2,72.92,145.84
1410,166,Kit papelaria,Escritorio,2026-04-14,1,65.66,
2389,284,Teclado mecanico,Eletronicos,2024-12-09,1,326.06,326.06
1861,216,Webcam HD,Eletronicos,2026-04-11,3,188.08,564.24
449,54,Garrafa termica,Acessorios,2025-12-01,3,80.46,241.38
308,39,Livro infantil,Livros,2025-05-28,1,41.81,41.81
1873,218,Mouse sem fio,Eletronicos,2026-07-27,1,83.65,83.65
363,43,Teclado mecanico,Eletronicos,2026-03-09,2,300.28,600.56
188,24,Luminaria de mesa,Moveis,2026-03-12,1,157.69,157.69
689,82,Webcam HD,Eletronicos,2026-07-30,3,190.61,571.83
178,23,Impressora multifuncional,Escritorio,2025-09-01,3,835.98,2507.94
1404,165,Webcam HD,Eletronicos,2026-06-13,1,177.27,177.27
770,88,Monitor 27pol,Eletronicos,2026-06-25,1,1250.67,1250.67
970,108,Oculos de sol,Acessorios,2026-01-07,3,165.59,496.77
101,15,Estante de livros,Moveis,2026-02-18,1,420.59,420.59
3424,402,Oculos de sol,Acessorios,2026-07-18,2,166.21,332.42
3316,387,Mochila executiva,Acessorios,2025-06-29,1,206.19,206.19
304,38,Monitor 27pol,Eletronicos,2026-04-26,2,1288.85,2577.7
2560,302,Livro de ficcao,Livros,2026-08-31,1,54.25,54.25
491,58,Impressora multifuncional,Escritorio,2026-07-13,1,826.02,826.02
3525,413,Livro tecnico,Livros,2024-07-17,1,120.5,120.5
1211,145,Mochila executiva,Acessorios,2026-08-06,1,193.97,193.97
1763,205,Kit papelaria,Escritorio,2025-09-03,3,60.98,182.94
1695,196,Mochila executiva,Acessorios,2026-09-04,2,225.39,450.78
281,34,Webcam HD,Eletronicos,2025-09-29,2,166.21,332.42
1616,188,Livro de ficcao,Livros,2026-06-07,1,58.89,955.57
3250,379,Webcam HD,Eletronicos,2026-02-06,1,191.5,191.5
596,71,Teclado mecanico,Eletronicos,2025-08-05,2,337.39,674.78
3496,410,Mouse sem fio,Eletronicos,2026-08-22,2,86.12,172.24
2768,326,Livro tecnico,Livros,2026-03-29,2,119.78,239.56
1328,158,Livro infantil,Livros,2026-04-15,1,37.39,37.39
2255,269,Organizador de mesa,Escritorio,2026-09-12,3,44.95,134.85
230,29,Livro tecnico,Livros,2026-03-14,3,112.19,336.57
777,89,Webcam HD,Eletronicos,2026-09-18,1,169.53,169.53
1228,147,Monitor 27pol,Eletronicos,2026-04-17,2,1274.66,2549.32
2376,281,Cadeira ergonomica,Moveis,2026-02-28,3,1011.59,3034.77
245,30,Livro de ficcao,Livros,2026-03-31,2,53.38,106.76
1913,222,Mouse sem fio,Eletronicos,2025-09-13,2,93.04,186.08
874,97,Livro de ficcao,Livros,2026-06-04,1,57.31,57.31
569,69,Cadeira ergonomica,Moveis,2026-02-04,1,930.97,930.97
1111,130,Estante de livros,Moveis,2025-08-15,2,442.86,885.72
3288,385,Webcam HD,Eletronicos,2026-06-14,3,180.08,540.24
3323,388,Oculos de sol,Acessorios,2026-02-13,3,156.25,468.75
2941,350,Livro infantil,Livros,2026-04-26,3,40.23,120.69
3566,418,Livro tecnico,Livros,2025-07-28,3,117.69,353.07
2339,278,Monitor 27pol,Eletronicos,2025-11-08,1,1448.93,1448.93
1487,174,Organizador de mesa,Escritorio,2025-09-14,1,48.35,748.51
2794,331,Monitor 27pol,Eletronicos,2025-09-18,2,1284.26,2568.52
1838,212,Luminaria de mesa,Moveis,2025-07-23,1,161.93,161.93
2573,304,Webcam HD,Eletronicos,2025-11-11,3,173.1,519.3
723,85,Notebook Gamer,Eletronicos,2026-04-23,1,4199.37,4199.37
2766,326,Luminaria de mesa,Moveis,2026-03-30,2,155.44,310.88
3202,375,Luminaria de mesa,Moveis,2024-05-16,1,149.11,
2005,233,Notebook Gamer,Eletronicos,2026-07-15,1,4516.41,4516.41
2991,356,Organizador de mesa,Escritorio,2025-05-13,1,47.37,47.37
1804,209,Webcam HD,Eletronicos,2025-07-06,1,181.11,181.11
259,32,Cadeira ergonomica,Moveis,2024-08-19,3,1042.28,3126.84
2645,311,Garrafa termica,Acessorios,2025-06-07,3,75.69,227.07
1925,223,Kit papelaria,Escritorio,2024-12-24,1,68.06,68.06
2891,344,Livro de ficcao,Livros,2026-02-06,1,53.01,53.01
1212,145,Impressora multifuncional,Escritorio,2026-01-03,3,926.25,2778.75
890,99,Garrafa termica,Acessorios,2025-11-05,3,77.09,231.27
3325,388,Livro infantil,Livros,2025-11-28,2,40.71,81.42
2777,327,Notebook Gamer,Eletronicos,2026-07-25,2,4217.53,8435.06
768,88,Cadeira ergonomica,Moveis,2024-10-12,2,994.78,1989.56
1745,202,Mouse sem fio,Eletronicos,2025-01-07,1,86.95,86.95
1896,220,Impressora multifuncional,Escritorio,2026-03-16,2,834.83,36073.29
2000,232,Mochila executiva,Acessorios,2026-05-21,3,197.87,593.61
1692,196,Mochila executiva,Acessorios,2024-12-23,2,194.64,389.28
1210,145,Livro tecnico,Livros,2025-01-12,2,123.16,246.32
1950,227,Livro de ficcao,Livros,2025-05-11,1,55.82,55.82
2574,304,Notebook Gamer,Eletronicos,2024-12-14,1,4455.67,4455.67
312,39,Mouse sem fio,Eletronicos,2026-08-21,1,84.71,84.71
606,72,Livro infantil,Livros,2026-01-07,2,40.68,81.36
502,59,Livro de ficcao,Livros,2026-09-19,1,53.36,53.36
3252,380,Monitor 27pol,Eletronicos,2026-02-16,2,1424.21,2848.42
3258,380,Mouse sem fio,Eletronicos,2026-02-24,3,91.85,275.55
389,46,Organizador de mesa,Escritorio,2025-08-07,2,46.39,92.78
864,96,Estante de livros,Moveis,2025-06-26,1,388.06,388.06
2200,261,Luminaria de mesa,Moveis,2025-05-03,2,141.11,282.22
2622,309,Livro de ficcao,Livros,2025-10-24,1,58.03,58.03
3133,369,Luminaria de mesa,Moveis,2026-07-31,3,153.78,461.34
3272,384,Mesa para escritorio,Moveis,2026-04-06,3,635.15,1905.45
598,71,Livro de ficcao,Livros,2025-01-08,2,50.96,101.92
3338,391,Mouse sem fio,Eletronicos,2026-08-23,2,96.47,192.94
3436,404,Webcam HD,Eletronicos,2026-01-22,2,166.51,333.02
2605,308,Garrafa termica,Acessorios,2026-06-30,2,79.42,158.84
1284,153,Monitor 27pol,Eletronicos,2026-07-24,3,1259.98,3779.94
141,19,Garrafa termica,Acessorios,2026-04-30,1,77.49,77.49
3153,371,Mouse sem fio,Eletronicos,2026-08-31,1,84.09,84.09
2492,296,Teclado mecanico,Eletronicos,2026-06-19,2,328.69,11448.09
2779,327,Organizador de mesa,Escritorio,2025-08-17,3,42.71,128.13
2617,309,Mochila executiva,Acessorios,2025-10-09,2,220.13,440.26
1389,164,Kit papelaria,Escritorio,2026-07-15,1,61.23,61.23
1917,222,Mochila executiva,Acessorios,2026-01-02,3,195.06,585.18
559,66,Webcam HD,Eletronicos,2026-02-20,2,184.96,369.92
710,83,Luminaria de mesa,Moveis,2026-02-17,3,140.07,420.21
28,3,Livro infantil,Livros,2026-01-30,1,37.22,37.22
1497,178,Garrafa termica,Acessorios,2025-12-29,1,77.09,77.09
3481,408,Impressora multifuncional,Escritorio,2026-04-03,2,841.02,1682.04
3078,365,Livro infantil,Livros,2026-06-30,3,37.96,113.88
823,93,Garrafa termica,Acessorios,2025-07-28,2,77.14,154.28
3326,388,Mochila executiva,Acessorios,2025-10-27,1,209.99,209.99
1178,139,Oculos de sol,Acessorios,2026-08-24,1,167.48,167.48
2930,347,Luminaria de mesa,Moveis,2026-06-30,1,139.07,139.07
522,62,Organizador de mesa,Escritorio,2025-12-12,3,45.84,137.52
2522,299,Cadeira ergonomica,Moveis,2025-04-14,3,901.66,2704.98
2644,311,Mochila executiva,Acessorios,2026-03-06,2,199.95,399.9
2386,284,Impressora multifuncional,Escritorio,2026-07-27,1,940.41,940.41
1232,147,Livro infantil,Livros,2026-05-02,2,40.18,80.36
1277,152,Notebook Gamer,Eletronicos,2025-09-05,1,4306.48,4306.48
2770,326,Livro de ficcao,Livros,2026-04-04,2,54.09,108.18
2113,246,Webcam HD,Eletronicos,2026-05-12,3,180.93,542.79
838,94,Teclado mecanico,Eletronicos,2026-04-21,1,312.49,312.49
379,45,Monitor 27pol,Eletronicos,2025-10-30,1,1450.51,1450.51
721,84,Luminaria de mesa,Moveis,2024-12-12,1,140.2,140.2
1755,204,Livro infantil,Livros,2026-09-05,3,42.89,128.67
3083,365,Livro tecnico,Livros,2026-09-20,3,119.07,357.21
3090,366,Monitor 27pol,Eletronicos,2025-12-19,3,1344.74,4034.22
2023,234,Mouse sem fio,Eletronicos,2025-08-01,3,84.71,254.13
2724,320,Teclado mecanico,Eletronicos,2024-12-12,3,337.34,1012.02
3352,392,Kit papelaria,Escritorio,2025-01-05,2,68.99,137.98
931,104,Garrafa termica,Acessorios,2024-11-29,3,70.58,211.74
24,3,Mouse sem fio,Eletronicos,2025-06-25,1,83.23,83.23
1303,156,Kit papelaria,Escritorio,2025-08-19,2,67.47,134.94
3046,362,Organizador de mesa,Escritorio,2026-09-06,1,42.03,42.03
1466,172,Mesa para escritorio,Moveis,2026-07-28,2,629.1,1258.2
2431,289,Teclado mecanico,Eletronicos,2026-01-25,3,306.32,918.96
1677,195,Luminaria de mesa,Moveis,2024-10-27,2,158.92,317.84
3401,399,Organizador de mesa,Escritorio,2025-12-31,3,45.05,135.15
779,89,Oculos de sol,Acessorios,2025-05-15,2,147.6,295.2
1054,125,Livro tecnico,Livros,2026-04-26,1,115.18,
14,2,Livro de ficcao,Livros,2026-04-21,1,55.48,55.48
1402,165,Mochila executiva,Acessorios,2026-02-25,2,220.53,441.06
1042,122,Mesa para escritorio,Moveis,2026-01-08,1,667.14,667.14
885,99,Livro tecnico,Livros,2025-08-14,2,126.83,253.66
1831,212,Garrafa termica,Acessorios,2025-11-05,1,71.32,71.32
2804,333,Kit papelaria,Escritorio,2025-09-22,3,66.79,200.37
700,82,Notebook Gamer,Eletronicos,2026-09-10,2,4249.88,8499.76
3314,387,Impressora multifuncional,Escritorio,2025-04-05,1,858.09,858.09
2657,312,Impressora multifuncional,Escritorio,2026-01-14,1,869.63,869.63
1578,185,Monitor 27pol,Eletronicos,2026-06-28,2,1250.7,2501.4
2582,305,Kit papelaria,Escritorio,2026-07-11,2,64.49,128.98
2072,240,Oculos de sol,Acessorios,2026-05-30,1,170.77,170.77
3244,379,Teclado mecanico,Eletronicos,2026-02-20,2,329.81,659.62
1468,172,Cadeira ergonomica,Moveis,2026-04-19,2,1005.9,2011.8
2538,300,Cadeira ergonomica,Moveis,2026-09-09,2,918.89,1837.78
620,73,Mochila executiva,Acessorios,2026-02-15,3,217.66,652.98
3152,371,Impressora multifuncional,Escritorio,2026-09-11,1,914.22,914.22
3343,392,Livro tecnico,Livros,2026-06-24,2,121.21,242.42
3538,414,Livro tecnico,Livros,2025-06-29,1,111.06,111.06
3478,407,Kit papelaria,Escritorio,2025-04-04,1,68.61,68.61
639,77,Mesa para escritorio,Moveis,2026-05-02,2,699.21,1398.42
1117,131,Webcam HD,Eletronicos,2026-09-25,2,169.92,339.84
2982,356,Monitor 27pol,Eletronicos,2024-12-14,3,1391.72,4175.16
410,48,Mochila executiva,Acessorios,2026-06-06,2,196.54,393.08
2474,295,Organizador de mesa,Escritorio,2025-02-16,3,42.83,128.49
25,3,Organizador de mesa,Escritorio,2025-04-12,2,44.63,89.26
443,54,Mouse sem fio,Eletronicos,2026-02-16,1,93.21,93.21
937,105,Monitor 27pol,Eletronicos,2026-01-19,2,1268.24,2536.48
3444,405,Livro tecnico,Livros,2026-08-07,3,113.75,341.25
2447,292,Mochila executiva,Acessorios,2025-09-19,1,217.81,217.81
2301,273,Notebook Gamer,Eletronicos,2025-07-19,3,4300.9,12902.7
108,15,Notebook Gamer,Eletronicos,2025-08-29,2,4091.83,8183.66
3129,369,Webcam HD,Eletronicos,2026-09-08,3,177.38,532.14
2485,295,Luminaria de mesa,Moveis,2025-03-15,3,159.38,478.14
2862,339,Monitor 27pol,Eletronicos,2026-03-21,3,1347.7,
2075,240,Estante de livros,Moveis,2026-01-14,2,393.81,787.62
2730,321,Luminaria de mesa,Moveis,2025-07-04,3,140.28,420.84
372,45,Webcam HD,Eletronicos,2026-07-28,2,175.84,351.68
2136,251,Livro tecnico,Livros,2025-10-17,2,120.23,240.46
1989,232,Mochila executiva,Acessorios,2026-08-19,1,221.93,221.93
2260,269,Luminaria de mesa,Moveis,2026-07-13,1,157.18,157.18
1007,116,Luminaria de mesa,Moveis,2026-04-03,1,143.1,143.1
2720,319,Webcam HD,Eletronicos,2026-01-13,2,173.07,346.14
1088,127,Monitor 27pol,Eletronicos,2025-08-18,2,1370.3,2740.6
253,30,Notebook Gamer,Eletronicos,2025-11-11,3,4149.4,12448.2
2035,236,Organizador de mesa,Escritorio,2025-11-19,3,46.59,139.77
2927,347,Mouse sem fio,Eletronicos,2025-06-15,2,87.25,174.5
1937,224,Notebook Gamer,Eletronicos,2026-01-28,2,4525.85,9051.7
2327,276,Oculos de sol,Acessorios,2026-04-05,3,156.43,469.29
2251,268,Impressora multifuncional,Escritorio,2026-07-14,1,906.53,906.53
1777,207,Livro infantil,Livros,2025-05-12,1,37.09,37.09
1031,119,Livro tecnico,Livros,2026-02-14,3,120.95,362.85
1603,186,Teclado mecanico,Eletronicos,2025-02-28,1,318.69,318.69
1539,181,Teclado mecanico,Eletronicos,2025-07-06,3,309.49,928.47
2792,330,Garrafa termica,Acessorios,2026-07-30,2,78.52,157.04
3466,407,Mouse sem fio,Eletronicos,2024-09-18,3,91.79,275.37
1565,183,Livro tecnico,Livros,2026-05-16,3,117.8,353.4
1011,116,Mochila executiva,Acessorios,2026-01-24,1,219.7,219.7
2719,319,Oculos de sol,Acessorios,2025-11-02,1,159.98,159.98
2477,295,Estante de livros,Moveis,2025-12-26,2,412.32,824.64
1935,224,Livro infantil,Livros,2026-02-20,1,37.25,37.25
3261,380,Teclado mecanico,Eletronicos,2026-01-31,2,317.51,
2835,337,Garrafa termica,Acessorios,2026-08-24,3,78.1,234.3
3303,386,Organizador de mesa,Escritorio,2026-04-30,1,46.66,46.66
688,81,Oculos de sol,Acessorios,2026-09-07,2,160.01,320.02
1262,151,Cadeira ergonomica,Moveis,2025-01-07,2,1021.57,2043.14
487,58,Teclado mecanico,Eletronicos,2026-07-13,1,312.88,312.88
394,46,Impressora multifuncional,Escritorio,2025-08-24,2,859.21,1718.42
1093,127,Livro infantil,Livros,2026-01-24,2,37.35,74.7
903,100,Estante de livros,Moveis,2025-12-25,1,393.82,393.82
159,21,Teclado mecanico,Eletronicos,2026-07-25,1,328.63,328.63
2626,309,Teclado mecanico,Eletronicos,2026-07-23,2,323.99,647.98
135,17,Cadeira ergonomica,Moveis,2026-06-02,3,944.42,2833.26
1378,164,Livro de ficcao,Livros,2025-08-07,1,52.67,52.67
577,70,Mesa para escritorio,Moveis,2025-11-11,3,617.54,1852.62
751,87,Livro tecnico,Livros,2025-10-01,3,126.65,379.95
1634,189,Webcam HD,Eletronicos,2026-09-09,1,187.03,187.03
3551,416,Kit papelaria,Escritorio,2024-10-31,2,67.57,135.14
1138,134,Oculos de sol,Acessorios,2026-01-30,3,152.0,456.0
3224,378,Luminaria de mesa,Moveis,2026-09-01,2,148.41,296.82
2408,287,Mochila executiva,Acessorios,2026-04-08,1,219.76,219.76
2994,357,Kit papelaria,Escritorio,2026-07-03,3,63.66,190.98
81,10,Monitor 27pol,Eletronicos,2026-05-04,2,1423.92,2847.84
2970,354,Mesa para escritorio,Moveis,2025-12-27,3,677.27,2031.81
2687,317,Livro infantil,Livros,2026-05-02,1,41.87,41.87
1996,232,Notebook Gamer,Eletronicos,2026-06-22,1,4495.36,4495.36
2015,234,Mesa para escritorio,Moveis,2025-11-02,1,679.36,679.36
2367,280,Organizador de mesa,Escritorio,2026-02-20,2,47.5,95.0
2873,342,Livro tecnico,Livros,2025-11-10,3,123.24,369.72
3015,359,Monitor 27pol,Eletronicos,2026-04-22,2,1343.52,2687.04
1953,227,Livro tecnico,Livros,2025-03-19,2,114.68,229.36
2175,257,Notebook Gamer,Eletronicos,2026-08-06,3,3956.21,11868.63
1195,142,Webcam HD,Eletronicos,2026-05-01,2,193.6,387.2
2298,273,Webcam HD,Eletronicos,2025-09-21,3,166.93,500.79
651,79,Livro de ficcao,Livros,2025-11-13,2,59.02,118.04
1260,151,Mouse sem fio,Eletronicos,2025-02-10,2,93.45,186.9
565,67,Estante de livros,Moveis,2026-05-01,2,398.21,796.42
1405,165,Garrafa termica,Acessorios,2025-07-21,3,77.38,232.14
3591,420,Livro de ficcao,Livros,2024-09-29,3,50.77,152.31
2281,272,Webcam HD,Eletronicos,2026-04-24,2,180.29,360.58
908,100,Oculos de sol,Acessorios,2025-07-21,3,165.85,497.55
1990,232,Oculos de sol,Acessorios,2026-05-20,1,161.74,161.74
320,39,Kit papelaria,Escritorio,2026-02-28,3,66.98,200.94
2690,317,Luminaria de mesa,Moveis,2026-04-20,3,155.67,467.01
2416,288,Garrafa termica,Acessorios,2025-06-04,2,72.97,145.94
3518,411,Mesa para escritorio,Moveis,2025-03-23,2,698.9,1397.8
44,5,Livro tecnico,Livros,2026-05-15,1,118.52,118.52
2678,314,Oculos de sol,Acessorios,2026-03-24,3,161.89,485.67
270,33,Kit papelaria,Escritorio,2026-01-30,1,60.08,60.08
3192,375,Kit papelaria,Escritorio,2025-04-06,1,65.11,
2893,344,Kit papelaria,Escritorio,2026-02-28,3,63.04,189.12
641,78,Mochila executiva,Acessorios,2026-05-29,1,218.27,218.27
1109,130,Livro infantil,Livros,2026-08-26,3,40.16,120.48
636,76,Mouse sem fio,Eletronicos,2025-08-26,2,91.16,182.32
2667,313,Garrafa termica,Acessorios,2025-12-31,3,74.4,223.2
760,88,Mesa para escritorio,Moveis,2024-05-18,3,673.03,2019.09
2834,337,Garrafa termica,Acessorios,2026-05-29,1,70.9,70.9
2499,297,Cadeira ergonomica,Moveis,2026-08-22,2,1001.28,2002.56
154,20,Garrafa termica,Acessorios,2025-06-13,1,80.03,80.03
2500,297,Impressora multifuncional,Escritorio,2026-04-06,1,833.4,833.4
2981,356,Organizador de mesa,Escritorio,2025-10-27,1,44.11,44.11
1038,121,Notebook Gamer,Eletronicos,2026-04-25,2,4289.15,8578.3
1958,227,Teclado mecanico,Eletronicos,2026-03-26,2,295.4,590.8
35,3,Teclado mecanico,Eletronicos,2026-08-17,1,315.84,315.84
1938,224,Cadeira ergonomica,Moveis,2026-04-13,1,1015.68,1015.68
666,79,Notebook Gamer,Eletronicos,2025-11-27,3,4131.06,12393.18
3344,392,Livro tecnico,Livros,2025-09-01,2,120.14,240.28
1664,193,Estante de livros,Moveis,2026-07-05,3,446.15,1338.45
1690,196,Livro infantil,Livros,2025-04-06,3,39.65,118.95
1003,116,Cadeira ergonomica,Moveis,2025-11-05,3,952.6,2857.8
947,105,Livro tecnico,Livros,2025-03-21,2,129.4,258.8
439,53,Livro tecnico,Livros,2026-03-08,1,119.82,119.82
1347,159,Livro infantil,Livros,2026-04-02,1,42.93,42.93
272,33,Oculos de sol,Acessorios,2026-04-14,2,152.99,6437.19
1978,230,Oculos de sol,Acessorios,2025-05-28,1,157.58,157.58
1757,204,Impressora multifuncional,Escritorio,2026-09-18,1,882.31,882.31
1623,188,Luminaria de mesa,Moveis,2026-06-08,1,156.7,156.7
3156,371,Cadeira ergonomica,Moveis,2026-04-24,1,940.44,940.44
3237,378,Cadeira ergonomica,Moveis,2026-07-28,3,959.03,
1809,209,Monitor 27pol,Eletronicos,2026-08-28,1,1305.43,1305.43
428,52,Luminaria de mesa,Moveis,2024-06-04,3,155.38,466.14
424,52,Mouse sem fio,Eletronicos,2025-12-31,3,90.79,272.37
2679,314,Luminaria de mesa,Moveis,2026-07-30,2,145.04,
1272,152,Notebook Gamer,Eletronicos,2026-07-05,3,4483.48,13450.44
2087,242,Kit papelaria,Escritorio,2025-03-07,1,60.03,60.03
310,39,Garrafa termica,Acessorios,2025-11-05,2,70.34,140.68
2954,351,Livro infantil,Livros,2025-05-28,2,36.85,73.7
2210,262,Oculos de sol,Acessorios,2026-08-14,3,164.63,493.89
2240,267,Teclado mecanico,Eletronicos,2026-07-04,3,344.17,1032.51
171,22,Garrafa termica,Acessorios,2025-10-04,3,78.69,236.07
1147,136,Mesa para escritorio,Moveis,2025-11-13,3,692.82,2078.46
1306,156,Oculos de sol,Acessorios,2026-08-29,1,169.74,169.74
1052,125,Webcam HD,Eletronicos,2026-05-03,1,186.98,186.98
3337,391,Impressora multifuncional,Escritorio,2026-09-26,2,921.04,1842.08
2924,347,Luminaria de mesa,Moveis,2024-12-02,2,149.96,299.92
1611,187,Mouse sem fio,Eletronicos,2026-04-21,2,88.69,177.38
2232,264,Estante de livros,Moveis,2026-05-04,3,425.69,1277.07
2600,308,Livro de ficcao,Livros,2026-02-25,3,56.87,170.61
2523,299,Webcam HD,Eletronicos,2026-05-19,2,181.57,363.14
1110,130,Mochila executiva,Acessorios,2026-03-31,3,206.24,
758,88,Notebook Gamer,Eletronicos,2024-05-03,1,4476.38,4476.38
964,108,Livro tecnico,Livros,2026-01-07,2,111.1,222.2
1180,140,Monitor 27pol,Eletronicos,2025-12-31,1,1389.25,1389.25
1249,150,Monitor 27pol,Eletronicos,2026-02-14,2,1402.76,2805.52
1684,195,Mouse sem fio,Eletronicos,2024-10-12,1,93.47,93.47
262,32,Oculos de sol,Acessorios,2024-10-12,1,147.48,147.48
1504,178,Impressora multifuncional,Escritorio,2026-03-23,3,835.08,2505.24
3407,399,Impressora multifuncional,Escritorio,2026-02-27,3,935.37,2806.11
352,42,Livro de ficcao,Livros,2026-03-25,2,55.02,110.04
1483,174,Impressora multifuncional,Escritorio,2025-10-28,1,828.36,828.36
1442,170,Teclado mecanico,Eletronicos,2025-11-30,2,344.79,689.58
540,64,Webcam HD,Eletronicos,2025-12-06,2,170.32,340.64
1743,202,Organizador de mesa,Escritorio,2025-01-12,3,45.14,135.42
2224,264,Livro tecnico,Livros,2026-05-03,1,118.51,118.51
3528,413,Teclado mecanico,Eletronicos,2026-05-27,1,297.29,297.29
341,41,Impressora multifuncional,Escritorio,2026-05-20,3,924.8,2774.4
2749,323,Livro tecnico,Livros,2026-03-31,1,110.91,110.91
343,41,Notebook Gamer,Eletronicos,2025-10-16,3,4036.7,12110.1
715,84,Organizador de mesa,Escritorio,2025-02-06,3,42.69,128.07
2150,252,Oculos de sol,Acessorios,2026-06-26,1,157.99,157.99
1981,230,Notebook Gamer,Eletronicos,2025-10-17,2,3929.85,7859.7
3474,407,Mesa para escritorio,Moveis,2024-09-26,2,646.59,1293.18
3410,399,Impressora multifuncional,Escritorio,2025-11-04,2,869.26,1738.52
3546,415,Webcam HD,Eletronicos,2025-11-17,3,182.66,547.98
3537,414,Webcam HD,Eletronicos,2026-02-05,1,186.23,186.23
3000,357,Kit papelaria,Escritorio,2026-08-27,2,63.41,126.82
1051,124,Mesa para escritorio,Moveis,2026-03-17,2,606.07,1212.14
1555,182,Garrafa termica,Acessorios,2026-04-15,1,70.24,70.24
1174,138,Livro infantil,Livros,2025-11-09,3,41.44,124.32
1278,153,Estante de livros,Moveis,2026-07-26,3,422.68,1268.04
3075,365,Estante de livros,Moveis,2026-03-22,3,435.84,1307.52
2436,289,Organizador de mesa,Escritorio,2026-01-01,2,47.57,95.14
1418,167,Garrafa termica,Acessorios,2026-05-16,1,73.07,73.07
653,79,Organizador de mesa,Escritorio,2026-04-02,2,48.38,96.76
3522,412,Garrafa termica,Acessorios,2025-11-28,1,72.99,72.99
3096,367,Monitor 27pol,Eletronicos,2026-03-02,2,1326.58,2653.16
1312,156,Impressora multifuncional,Escritorio,2026-08-26,2,937.76,1875.52
2195,260,Impressora multifuncional,Escritorio,2025-05-17,2,864.8,37833.39
3194,375,Livro infantil,Livros,2025-04-11,2,41.41,82.82
2351,279,Livro de ficcao,Livros,2026-07-24,2,57.9,115.8
373,45,Luminaria de mesa,Moveis,2026-05-17,3,140.15,420.45
3457,406,Livro tecnico,Livros,2024-08-07,1,119.27,119.27
1437,169,Mochila executiva,Acessorios,2026-05-28,2,206.85,413.7
2484,295,Kit papelaria,Escritorio,2025-05-29,1,65.15,65.15
2402,287,Impressora multifuncional,Escritorio,2026-04-06,3,940.46,2821.38
1678,195,Teclado mecanico,Eletronicos,2024-09-26,2,311.94,623.88
3116,368,Mouse sem fio,Eletronicos,2026-01-12,3,92.74,278.22
3111,368,Teclado mecanico,Eletronicos,2025-03-06,2,328.77,657.54
3187,374,Webcam HD,Eletronicos,2026-04-12,1,186.06,186.06
570,69,Livro tecnico,Livros,2025-12-17,2,116.63,233.26
1721,198,Mouse sem fio,Eletronicos,2026-03-29,3,90.69,5636.22
1592,186,Livro de ficcao,Livros,2024-11-19,1,52.84,52.84
114,16,Monitor 27pol,Eletronicos,2026-08-17,1,1247.61,1247.61
1619,188,Livro infantil,Livros,2026-05-04,3,40.31,120.93
3437,405,Mesa para escritorio,Moveis,2025-08-06,2,651.42,1302.84
3063,363,Mouse sem fio,Eletronicos,2025-06-04,1,94.95,94.95
2990,356,Livro tecnico,Livros,2025-01-20,3,124.57,373.71
2840,337,Livro de ficcao,Livros,2025-12-25,2,54.69,
1214,145,Cadeira ergonomica,Moveis,2026-03-07,2,1016.21,2032.42
843,95,Estante de livros,Moveis,2026-05-20,1,428.36,428.36
1384,164,Monitor 27pol,Eletronicos,2024-08-04,3,1343.02,4029.06
3312,387,Livro infantil,Livros,2026-04-22,3,38.61,115.83
1961,229,Mesa para escritorio,Moveis,2024-11-06,2,621.45,1242.9
3215,377,Luminaria de mesa,Moveis,2025-10-03,3,138.87,416.61
345,41,Garrafa termica,Acessorios,2025-07-10,1,72.25,72.25
3557,417,Oculos de sol,Acessorios,2025-11-16,1,170.16,170.16
3143,370,Mochila executiva,Acessorios,2026-04-25,2,215.41,430.82
804,91,Mesa para escritorio,Moveis,2026-03-20,2,684.37,1368.74
477,57,Mochila executiva,Acessorios,2025-06-13,2,226.03,452.06
690,82,Notebook Gamer,Eletronicos,2026-09-15,1,4308.01,4308.01
2609,308,Mesa para escritorio,Moveis,2026-08-29,1,649.28,649.28
1069,126,Mochila executiva,Acessorios,2025-09-20,2,200.79,401.58
2289,272,Mochila executiva,Acessorios,2026-04-08,2,208.49,416.98
164,21,Teclado mecanico,Eletronicos,2026-05-27,2,303.56,607.12
2903,345,Mochila executiva,Acessorios,2025-12-14,3,223.11,669.33
2393,284,Livro infantil,Livros,2026-03-25,1,37.68,37.68
3542,414,Garrafa termica,Acessorios,2026-03-23,1,75.81,75.81
905,100,Estante de livros,Moveis,2026-07-25,3,433.49,1300.47
1772,206,Cadeira ergonomica,Moveis,2026-07-05,1,924.93,924.93
1125,133,Cadeira ergonomica,Moveis,2026-08-24,2,1053.57,2107.14
1842,213,Impressora multifuncional,Escritorio,2025-05-21,1,837.59,837.59
402,47,Webcam HD,Eletronicos,2026-05-20,1,192.81,192.81
2335,276,Impressora multifuncional,Escritorio,2025-12-24,1,851.64,851.64
2567,303,Kit papelaria,Escritorio,2026-04-16,3,63.56,190.68
839,95,Oculos de sol,Acessorios,2026-09-24,3,152.34,457.02
3034,361,Mochila executiva,Acessorios,2026-08-14,2,194.06,388.12
1098,129,Cadeira ergonomica,Moveis,2026-03-22,3,1035.34,3106.02
332,40,Monitor 27pol,Eletronicos,2026-02-04,3,1370.38,4111.14
1530,180,Impressora multifuncional,Escritorio,2025-10-12,3,828.19,2484.57
3595,420,Luminaria de mesa,Moveis,2025-02-18,3,161.31,483.93
1970,229,Livro infantil,Livros,2025-01-14,2,41.3,82.6
814,92,Livro infantil,Livros,2026-05-08,1,42.19,42.19
1202,142,Garrafa termica,Acessorios,2025-08-21,2,75.21,150.42
73,9,Teclado mecanico,Eletronicos,2025-05-23,3,331.14,
2698,317,Teclado mecanico,Eletronicos,2025-07-27,1,332.49,332.49
2362,280,Kit papelaria,Escritorio,2026-08-27,3,67.41,202.23
290,37,Oculos de sol,Acessorios,2026-06-02,3,158.83,476.49
3072,364,Mesa para escritorio,Moveis,2025-05-13,1,661.8,661.8
736,86,Livro tecnico,Livros,2025-09-24,2,115.13,230.26
1375,163,Kit papelaria,Escritorio,2026-03-31,2,61.65,123.3
3428,403,Livro tecnico,Livros,2025-12-30,3,119.3,357.9
1244,149,Webcam HD,Eletronicos,2026-07-25,1,173.72,173.72
1609,187,Mochila executiva,Acessorios,2026-06-24,2,205.24,410.48
3300,386,Garrafa termica,Acessorios,2026-04-30,2,69.65,139.3
440,53,Mesa para escritorio,Moveis,2026-03-09,3,626.17,1878.51
2270,270,Mochila executiva,Acessorios,2025-06-16,3,194.26,582.78
1885,219,Mouse sem fio,Eletronicos,2025-08-16,3,93.16,279.48
2358,279,Mesa para escritorio,Moveis,2026-08-17,1,624.72,624.72
3008,359,Oculos de sol,Acessorios,2026-04-24,2,163.36,326.72
3559,417,Luminaria de mesa,Moveis,2025-08-16,2,138.87,277.74
1685,195,Luminaria de mesa,Moveis,2026-07-29,2,141.18,282.36
1485,174,Mochila executiva,Acessorios,2026-01-13,3,223.88,671.64
346,41,Mesa para escritorio,Moveis,2025-12-12,3,607.25,
2177,257,Monitor 27pol,Eletronicos,2026-08-18,2,1376.32,2752.64
456,55,Mochila executiva,Acessorios,2026-07-10,2,199.7,399.4
3354,392,Mochila executiva,Acessorios,2025-03-27,1,210.48,210.48
403,47,Notebook Gamer,Eletronicos,2026-05-05,2,4348.9,8697.8
2691,317,Garrafa termica,Acessorios,2026-05-31,1,77.98,77.98
2841,337,Mochila executiva,Acessorios,2024-12-06,1,210.7,210.7
2972,354,Impressora multifuncional,Escritorio,2026-07-19,3,938.3,2814.9
1868,216,Livro de ficcao,Livros,2026-04-14,2,55.33,110.66
1301,155,Livro infantil,Livros,2026-09-01,1,40.28,40.28
292,37,Mesa para escritorio,Moveis,2026-05-26,2,630.65,1261.3
2149,252,Oculos de sol,Acessorios,2026-06-26,1,169.13,169.13
1273,152,Estante de livros,Moveis,2025-10-07,1,394.95,394.95
657,79,Luminaria de mesa,Moveis,2026-02-12,3,151.05,453.15
1369,161,Organizador de mesa,Escritorio,2025-09-26,1,42.27,42.27
846,95,Kit papelaria,Escritorio,2025-03-27,3,69.86,209.58
881,98,Livro tecnico,Livros,2026-06-18,3,117.4,
1263,151,Garrafa termica,Acessorios,2025-12-28,1,76.61,76.61
2241,267,Cadeira ergonomica,Moveis,2024-12-31,1,923.81,923.81
2955,351,Cadeira ergonomica,Moveis,2024-09-11,1,1031.77,1031.77
120,16,Cadeira ergonomica,Moveis,2026-04-25,2,982.58,1965.16
451,54,Livro infantil,Livros,2026-03-12,1,39.44,39.44
3378,396,Cadeira ergonomica,Moveis,2025-07-21,2,908.61,1817.22
1407,166,Livro infantil,Livros,2026-03-06,2,42.28,84.56
703,82,Livro de ficcao,Livros,2026-08-25,3,57.95,173.85
2223,263,Impressora multifuncional,Escritorio,2026-07-01,3,853.65,2560.95
1561,183,Livro de ficcao,Livros,2025-11-25,3,54.11,162.33
47,6,Webcam HD,Eletronicos,2026-06-30,2,169.02,338.04
3042,361,Webcam HD,Eletronicos,2026-08-27,1,193.39,193.39
193,24,Mochila executiva,Acessorios,2025-12-12,2,203.15,406.3
3105,367,Livro de ficcao,Livros,2025-09-30,3,58.11,174.33
550,65,Mouse sem fio,Eletronicos,2026-08-22,3,87.83,263.49
1092,127,Livro tecnico,Livros,2026-02-14,2,118.03,236.06
2114,246,Luminaria de mesa,Moveis,2026-06-16,1,139.07,139.07
850,95,Impressora multifuncional,Escritorio,2026-02-11,3,960.32,2880.96
2741,322,Impressora multifuncional,Escritorio,2026-01-21,3,831.07,2493.21
1946,227,Luminaria de mesa,Moveis,2026-02-03,1,157.3,157.3
126,16,Oculos de sol,Acessorios,2026-02-18,3,151.25,453.75
3100,367,Kit papelaria,Escritorio,2025-09-22,1,60.09,60.09
2748,323,Webcam HD,Eletronicos,2025-12-16,1,167.86,167.86
1496,177,Kit papelaria,Escritorio,2026-04-03,2,61.34,122.68
3449,405,Livro tecnico,Livros,2026-06-16,2,129.0,258.0
2554,302,Kit papelaria,Escritorio,2026-01-31,2,62.82,125.64
1254,151,Teclado mecanico,Eletronicos,2026-01-17,1,337.78,337.78
828,93,Monitor 27pol,Eletronicos,2024-10-24,1,1412.4,1412.4
2650,312,Mochila executiva,Acessorios,2026-03-17,1,203.37,203.37
2787,328,Impressora multifuncional,Escritorio,2026-01-27,3,864.33,2592.99
3102,367,Monitor 27pol,Eletronicos,2026-04-23,3,1242.03,3726.09
3356,393,Livro tecnico,Livros,2026-07-11,2,121.18,242.36
525,62,Livro tecnico,Livros,2025-10-10,3,116.28,348.84
1540,181,Teclado mecanico,Eletronicos,2025-08-18,2,326.4,652.8
1787,207,Livro infantil,Livros,2025-04-07,3,38.05,114.15
2914,346,Mesa para escritorio,Moveis,2025-12-20,3,657.59,1972.77
1947,227,Impressora multifuncional,Escritorio,2024-12-18,2,952.01,1904.02
2999,357,Mochila executiva,Acessorios,2026-06-15,1,220.74,220.74
180,23,Teclado mecanico,Eletronicos,2025-01-13,2,305.75,611.5
1658,192,Livro de ficcao,Livros,2026-05-31,1,52.77,52.77
877,97,Livro tecnico,Livros,2025-08-22,1,124.42,124.42
1726,200,Luminaria de mesa,Moveis,2025-03-24,1,149.94,149.94
3363,394,Livro tecnico,Livros,2026-07-17,3,124.78,374.34
498,59,Luminaria de mesa,Moveis,2026-05-03,3,138.65,415.95
175,23,Mochila executiva,Acessorios,2025-10-14,1,200.47,200.47
1975,230,Monitor 27pol,Eletronicos,2026-03-28,2,1324.17,2648.34
3020,360,Organizador de mesa,Escritorio,2026-03-09,2,47.83,95.66
213,27,Kit papelaria,Escritorio,2026-03-22,2,64.66,129.32
532,63,Monitor 27pol,Eletronicos,2026-08-01,2,1437.1,2874.2
3241,379,Garrafa termica,Acessorios,2026-04-17,1,75.36,75.36
2263,269,Garrafa termica,Acessorios,2026-04-20,1,78.1,78.1
1641,190,Garrafa termica,Acessorios,2025-10-04,2,70.12,140.24
161,21,Cadeira ergonomica,Moveis,2026-09-12,3,1033.6,3100.8
1482,174,Impressora multifuncional,Escritorio,2026-04-24,1,956.2,956.2
1964,229,Mochila executiva,Acessorios,2025-02-10,1,197.03,197.03
1585,185,Livro tecnico,Livros,2025-07-10,1,113.66,113.66
1217,146,Estante de livros,Moveis,2025-06-09,2,452.12,904.24
3588,420,Livro de ficcao,Livros,2025-12-08,1,57.58,57.58
3527,413,Livro tecnico,Livros,2025-10-24,3,124.46,373.38
855,96,Organizador de mesa,Escritorio,2026-03-01,2,45.87,91.74
1584,185,Webcam HD,Eletronicos,2025-08-06,1,181.79,181.79
486,58,Livro tecnico,Livros,2026-07-13,1,128.25,128.25
3386,396,Kit papelaria,Escritorio,2026-03-03,3,66.62,199.86
329,40,Livro infantil,Livros,2026-03-27,1,37.34,37.34
1390,164,Notebook Gamer,Eletronicos,2024-11-29,2,4287.67,8575.34
194,24,Webcam HD,Eletronicos,2026-02-06,1,170.94,170.94
861,96,Luminaria de mesa,Moveis,2025-09-14,1,159.3,159.3
578,70,Organizador de mesa,Escritorio,2025-05-09,1,42.89,42.89
2707,318,Estante de livros,Moveis,2024-11-01,1,406.58,406.58
433,53,Oculos de sol,Acessorios,2026-03-02,1,165.18,165.18
3350,392,Impressora multifuncional,Escritorio,2025-04-22,1,866.06,866.06
2614,308,Notebook Gamer,Eletronicos,2026-03-23,3,4465.18,13395.54
2317,275,Mochila executiva,Acessorios,2025-12-26,2,201.33,402.66
2068,240,Impressora multifuncional,Escritorio,2026-01-12,1,833.48,833.48
3331,389,Monitor 27pol,Eletronicos,2025-03-26,2,1390.16,2780.32
2606,308,Oculos de sol,Acessorios,2026-07-09,1,162.47,162.47
2212,262,Livro de ficcao,Livros,2025-11-05,2,57.25,114.5
661,79,Garrafa termica,Acessorios,2026-03-05,1,69.84,69.84
2712,318,Luminaria de mesa,Moveis,2025-08-25,2,145.84,291.68
955,106,Livro infantil,Livros,2026-09-28,1,39.84,39.84
574,70,Monitor 27pol,Eletronicos,2025-06-08,1,1368.51,1368.51
1001,116,Luminaria de mesa,Moveis,2025-11-06,1,140.91,140.91
2264,269,Livro de ficcao,Livros,2026-06-14,1,54.51,54.51
2486,295,Estante de livros,Moveis,2026-02-07,3,435.1,1305.3
607,72,Livro tecnico,Livros,2025-11-24,3,121.48,364.44
1848,213,Mouse sem fio,Eletronicos,2025-02-07,2,88.05,176.1
1575,184,Livro de ficcao,Livros,2026-08-08,1,50.85,
1491,175,Impressora multifuncional,Escritorio,2026-05-03,3,837.2,2511.6
191,24,Livro infantil,Livros,2025-09-18,2,39.51,79.02
2971,354,Impressora multifuncional,Escritorio,2025-08-02,3,864.87,2594.61
1237,148,Cadeira ergonomica,Moveis,2026-05-02,3,906.3,2718.9
1055,125,Kit papelaria,Escritorio,2026-04-26,1,65.46,65.46
2819,335,Garrafa termica,Acessorios,2026-07-20,3,75.41,226.23
490,58,Mochila executiva,Acessorios,2026-07-13,3,218.05,654.15
2125,247,Impressora multifuncional,Escritorio,2026-05-08,2,951.94,1903.88
417,51,Monitor 27pol,Eletronicos,2026-09-28,2,1270.71,2541.42
1849,213,Webcam HD,Eletronicos,2026-01-09,2,189.75,379.5
137,18,Livro infantil,Livros,2025-04-16,1,40.64,
1415,167,Livro infantil,Livros,2026-07-12,1,36.97,36.97
1070,126,Mochila executiva,Acessorios,2026-03-28,2,226.5,453.0
1746,202,Livro de ficcao,Livros,2025-01-17,2,56.39,112.78
1250,150,Livro infantil,Livros,2026-02-27,1,38.84,38.84
2685,315,Cadeira ergonomica,Moveis,2026-07-07,3,931.73,2795.19
2405,287,Kit papelaria,Escritorio,2026-04-05,3,60.52,181.56
1552,182,Webcam HD,Eletronicos,2026-07-07,2,176.04,352.08
3563,417,Estante de livros,Moveis,2025-10-25,1,449.86,449.86
3104,367,Mesa para escritorio,Moveis,2026-03-18,2,646.11,1292.22
1569,183,Garrafa termica,Acessorios,2026-03-23,1,76.04,76.04
2462,293,Luminaria de mesa,Moveis,2026-07-02,2,152.5,305.0
2419,288,Mesa para escritorio,Moveis,2025-08-02,2,673.22,1346.44
3228,378,Mochila executiva,Acessorios,2026-09-13,2,197.28,394.56
3362,394,Luminaria de mesa,Moveis,2026-08-22,1,155.37,155.37
360,42,Kit papelaria,Escritorio,2025-12-31,2,60.65,121.3
555,65,Notebook Gamer,Eletronicos,2026-02-23,2,3876.61,7753.22
1081,127,Luminaria de mesa,Moveis,2026-02-23,1,144.24,144.24
3212,377,Organizador de mesa,Escritorio,2025-10-29,1,42.33,42.33
1162,137,Garrafa termica,Acessorios,2025-12-18,1,79.42,79.42
68,9,Mesa para escritorio,Moveis,2025-10-24,2,621.03,1242.06
3293,385,Monitor 27pol,Eletronicos,2025-06-06,2,1347.9,2695.8
219,28,Livro tecnico,Livros,2026-01-16,1,112.68,112.68
1659,192,Notebook Gamer,Eletronicos,2026-01-27,3,3924.64,11773.92
896,100,Monitor 27pol,Eletronicos,2026-05-26,2,1380.74,2761.48
1951,227,Oculos de sol,Acessorios,2026-02-14,2,163.75,327.5
2910,345,Luminaria de mesa,Moveis,2026-08-22,2,147.8,295.6
2998,357,Garrafa termica,Acessorios,2026-08-05,1,78.46,78.46
3520,412,Organizador de mesa,Escritorio,2026-02-22,3,43.22,129.66
2898,345,Teclado mecanico,Eletronicos,2025-10-12,1,345.32,345.32
914,101,Mesa para escritorio,Moveis,2026-08-25,3,689.12,2067.36
2026,235,Mochila executiva,Acessorios,2026-04-01,3,222.54,667.62
1488,175,Kit papelaria,Escritorio,2026-09-18,2,67.27,134.54
3139,370,Monitor 27pol,Eletronicos,2026-01-30,3,1402.15,4206.45
2717,319,Organizador de mesa,Escritorio,2025-10-08,3,44.76,134.28
263,32,Oculos de sol,Acessorios,2025-08-25,2,150.87,301.74
2329,276,Estante de livros,Moveis,2026-01-31,3,447.89,1343.67
3393,398,Estante de livros,Moveis,2026-05-05,3,440.37,1321.11
1480,174,Mouse sem fio,Eletronicos,2026-05-16,3,91.6,274.8
3510,411,Livro infantil,Livros,2025-05-15,3,40.88,122.64
1302,155,Livro tecnico,Livros,2026-08-26,3,117.25,351.75
863,96,Mouse sem fio,Eletronicos,2024-12-27,1,86.22,86.22
2592,307,Luminaria de mesa,Moveis,2025-08-25,1,138.43,138.43
3505,410,Organizador de mesa,Escritorio,2026-03-30,1,47.13,47.13
1209,145,Webcam HD,Eletronicos,2024-07-12,2,181.98,363.96
915,101,Teclado mecanico,Eletronicos,2026-08-10,2,296.71,593.42
3183,374,Kit papelaria,Escritorio,2026-03-05,1,60.71,60.71
3283,385,Estante de livros,Moveis,2026-10-01,3,450.56,1351.68
3427,403,Impressora multifuncional,Escritorio,2026-03-15,2,846.26,1692.52
920,102,Teclado mecanico,Eletronicos,2026-02-02,3,306.37,
635,75,Mesa para escritorio,Moveis,2026-08-12,1,658.16,658.16
1475,173,Luminaria de mesa,Moveis,2026-09-05,2,143.46,286.92
1188,140,Estante de livros,Moveis,2025-11-08,3,450.25,1350.75
3524,413,Mesa para escritorio,Moveis,2024-08-29,2,656.36,1312.72
785,90,Livro infantil,Livros,2026-05-10,2,39.3,78.6
2196,260,Cadeira ergonomica,Moveis,2025-10-21,3,933.62,2800.86
581,70,Organizador de mesa,Escritorio,2025-03-25,2,41.76,83.52
3391,397,Livro infantil,Livros,2025-01-26,1,41.62,41.62
3462,406,Luminaria de mesa,Moveis,2026-07-20,1,138.48,138.48
3188,374,Mesa para escritorio,Moveis,2026-05-04,1,663.1,663.1
1282,153,Mesa para escritorio,Moveis,2025-12-04,1,673.18,673.18
3374,395,Mesa para escritorio,Moveis,2026-01-09,3,627.31,1881.93
2572,304,Kit papelaria,Escritorio,2024-10-19,1,63.5,63.5
982,111,Livro de ficcao,Livros,2025-07-04,2,55.61,111.22
203,26,Livro de ficcao,Livros,2026-02-01,3,55.16,165.48
1581,185,Impressora multifuncional,Escritorio,2025-02-16,2,906.01,1812.02
358,42,Mesa para escritorio,Moveis,2026-05-17,1,601.29,601.29
2324,276,Garrafa termica,Acessorios,2026-03-13,3,74.65,223.95
1779,207,Mochila executiva,Acessorios,2025-05-07,3,216.81,650.43
2879,343,Webcam HD,Eletronicos,2026-06-16,2,177.38,354.76
2772,327,Kit papelaria,Escritorio,2026-05-24,2,66.71,133.42
2551,302,Luminaria de mesa,Moveis,2026-06-16,3,146.35,439.05
3245,379,Organizador de mesa,Escritorio,2026-01-24,3,43.43,130.29
3431,404,Organizador de mesa,Escritorio,2026-04-18,3,41.93,125.79
232,29,Livro tecnico,Livros,2025-12-09,2,115.82,231.64
1194,141,Livro tecnico,Livros,2026-07-16,1,121.83,121.83
1320,157,Luminaria de mesa,Moveis,2026-06-17,2,149.75,299.5
2545,302,Webcam HD,Eletronicos,2025-11-03,3,175.98,527.94
344,41,Livro tecnico,Livros,2026-02-06,1,127.93,127.93
3585,419,Teclado mecanico,Eletronicos,2025-04-07,1,299.68,299.68
2620,309,Livro tecnico,Livros,2026-09-28,3,112.14,336.42
2805,333,Teclado mecanico,Eletronicos,2026-04-03,1,311.28,311.28
1311,156,Mochila executiva,Acessorios,2025-09-24,2,198.91,397.82
2025,235,Livro infantil,Livros,2026-02-11,1,43.0,43.0
1866,216,Kit papelaria,Escritorio,2026-04-30,3,65.03,195.09
737,86,Luminaria de mesa,Moveis,2026-02-26,2,153.57,307.14
3506,410,Livro infantil,Livros,2026-08-17,3,41.66,124.98
813,92,Teclado mecanico,Eletronicos,2026-09-18,3,336.53,1009.59
1457,172,Livro infantil,Livros,2025-09-18,3,42.7,128.1
2103,245,Impressora multifuncional,Escritorio,2026-08-07,2,848.48,1696.96
3497,410,Teclado mecanico,Eletronicos,2026-03-25,3,296.77,890.31
1016,118,Notebook Gamer,Eletronicos,2026-02-02,1,4403.3,4403.3
58,8,Livro tecnico,Livros,2026-03-03,1,119.28,119.28
2455,293,Livro tecnico,Livros,2026-07-02,1,113.28,113.28
1943,226,Monitor 27pol,Eletronicos,2026-08-21,3,1434.26,4302.78
3493,409,Mesa para escritorio,Moveis,2025-09-26,3,651.07,1953.21
2058,237,Oculos de sol,Acessorios,2026-02-10,2,163.77,327.54
1100,130,Estante de livros,Moveis,2025-03-03,1,415.71,415.71
2656,312,Webcam HD,Eletronicos,2025-10-23,1,184.37,184.37
1519,179,Notebook Gamer,Eletronicos,2025-08-16,3,4120.11,12360.33
1874,218,Cadeira ergonomica,Moveis,2026-04-20,3,1051.5,3154.5
548,65,Webcam HD,Eletronicos,2026-04-06,1,182.23,182.23
3196,375,Estante de livros,Moveis,2025-12-02,2,411.46,822.92
1706,197,Monitor 27pol,Eletronicos,2025-02-10,2,1410.57,2821.14
2830,337,Organizador de mesa,Escritorio,2026-06-08,2,46.31,92.62
2052,237,Mesa para escritorio,Moveis,2025-03-14,2,646.28,1292.56
1099,129,Teclado mecanico,Eletronicos,2026-04-11,2,319.08,638.16
2417,288,Impressora multifuncional,Escritorio,2026-03-10,1,846.81,846.81
3577,419,Impressora multifuncional,Escritorio,2026-08-20,3,890.42,2671.26
275,34,Luminaria de mesa,Moveis,2026-09-20,1,140.87,140.87
3036,361,Kit papelaria,Escritorio,2026-06-20,3,63.86,191.58
2507,298,Teclado mecanico,Eletronicos,2025-07-30,3,297.17,891.51
2533,300,Cadeira ergonomica,Moveis,2025-07-24,2,910.1,1820.2
2259,269,Monitor 27pol,Eletronicos,2026-05-05,3,1283.94,3851.82
1773,206,Livro infantil,Livros,2026-07-05,3,41.51,124.53
1116,131,Kit papelaria,Escritorio,2026-07-09,3,68.85,206.55
2206,262,Monitor 27pol,Eletronicos,2025-03-23,3,1392.73,4178.19
3305,386,Estante de livros,Moveis,2026-03-03,3,398.44,1195.32
2352,279,Cadeira ergonomica,Moveis,2026-09-05,1,931.09,931.09
879,97,Monitor 27pol,Eletronicos,2026-03-09,3,1247.4,3742.2
514,60,Garrafa termica,Acessorios,2026-07-24,3,74.85,224.55
2635,311,Cadeira ergonomica,Moveis,2025-09-16,3,971.07,2913.21
1668,193,Livro tecnico,Livros,2026-04-09,2,114.71,229.42
1666,193,Oculos de sol,Acessorios,2026-05-29,3,172.64,517.92
886,99,Livro de ficcao,Livros,2026-01-11,3,55.59,166.77
2128,249,Teclado mecanico,Eletronicos,2025-10-12,3,333.58,1000.74
3051,362,Monitor 27pol,Eletronicos,2026-09-03,2,1341.64,2683.28
1501,178,Kit papelaria,Escritorio,2026-02-12,1,66.55,66.55
3053,362,Impressora multifuncional,Escritorio,2026-08-26,1,909.1,909.1
3549,416,Kit papelaria,Escritorio,2025-10-20,2,69.96,139.92
1315,157,Garrafa termica,Acessorios,2026-01-21,2,76.5,153.0
1305,156,Garrafa termica,Acessorios,2025-07-21,2,72.16,144.32
1304,156,Garrafa termica,Acessorios,2025-08-17,2,73.14,146.28
1345,159,Mochila executiva,Acessorios,2026-06-28,3,198.5,595.5
1168,138,Garrafa termica,Acessorios,2025-08-14,2,78.99,157.98
2594,307,Webcam HD,Eletronicos,2025-12-13,2,174.59,349.18
3262,381,Mochila executiva,Acessorios,2026-04-21,1,215.04,215.04
1383,164,Organizador de mesa,Escritorio,2025-05-29,3,43.4,130.2
79,10,Mouse sem fio,Eletronicos,2026-05-04,1,95.92,95.92
3434,404,Organizador de mesa,Escritorio,2026-02-26,3,48.6,145.8
2158,253,Mesa para escritorio,Moveis,2025-12-27,1,661.08,661.08
1956,227,Luminaria de mesa,Moveis,2025-10-28,2,160.45,320.9
2291,272,Kit papelaria,Escritorio,2026-03-17,1,65.93,65.93
3586,420,Livro de ficcao,Livros,2025-09-25,1,52.15,52.15
1531,180,Oculos de sol,Acessorios,2026-07-25,2,167.26,334.52
1083,127,Notebook Gamer,Eletronicos,2026-03-05,1,3945.01,3945.01
17,2,Mochila executiva,Acessorios,2025-08-05,1,199.23,199.23
3105,367,Livro de ficcao,Livros,2025-09-30,3,58.11,174.33
1977,230,Livro infantil,Livros,2025-01-04,2,41.75,83.5
91,12,Notebook Gamer,Eletronicos,2025-07-12,2,4068.91,8137.82
3138,370,Garrafa termica,Acessorios,2026-01-11,2,78.35,156.7
285,36,Livro tecnico,Livros,2026-08-05,2,110.95,221.9
2558,302,Impressora multifuncional,Escritorio,2026-04-13,1,886.01,886.01
767,88,Teclado mecanico,Eletronicos,2026-06-08,3,345.28,1035.84
3097,367,Estante de livros,Moveis,2026-03-02,3,434.06,1302.18
2844,338,Livro de ficcao,Livros,2025-09-12,1,54.75,54.75
273,34,Cadeira ergonomica,Moveis,2025-10-31,2,947.83,1895.66
2121,247,Organizador de mesa,Escritorio,2025-05-21,3,46.86,140.58
2913,346,Organizador de mesa,Escritorio,2025-07-26,1,44.64,44.64
2306,274,Notebook Gamer,Eletronicos,2025-11-11,1,4110.8,4110.8
1376,163,Luminaria de mesa,Moveis,2026-07-29,1,148.21,148.21
1271,152,Luminaria de mesa,Moveis,2026-01-04,2,145.46,290.92
1657,192,Impressora multifuncional,Escritorio,2026-06-21,1,852.84,852.84
3259,380,Estante de livros,Moveis,2026-03-03,2,450.41,900.82
2441,290,Monitor 27pol,Eletronicos,2025-10-04,3,1330.71,3992.13
3029,360,Webcam HD,Eletronicos,2025-01-28,1,168.3,168.3
2276,271,Kit papelaria,Escritorio,2026-01-19,1,68.71,68.71
1845,213,Livro infantil,Livros,2026-03-03,3,42.45,127.35
1663,193,Mochila executiva,Acessorios,2026-06-18,3,194.81,584.43
1761,205,Notebook Gamer,Eletronicos,2025-11-27,3,4272.62,12817.86
1597,186,Monitor 27pol,Eletronicos,2026-08-04,3,1305.8,3917.4
3579,419,Cadeira ergonomica,Moveis,2025-03-14,2,1015.62,2031.24
3342,392,Kit papelaria,Escritorio,2025-08-17,2,64.87,129.74
72,9,Garrafa termica,Acessorios,2026-08-08,1,79.53,79.53
1758,204,Livro tecnico,Livros,2026-08-04,2,113.29,226.58
2172,255,Mesa para escritorio,Moveis,2026-07-27,1,610.39,610.39
614,73,Notebook Gamer,Eletronicos,2026-04-29,2,3967.18,7934.36
1521,179,Estante de livros,Moveis,2025-12-30,2,427.06,854.12
790,90,Impressora multifuncional,Escritorio,2026-08-05,1,960.83,960.83
2102,245,Livro tecnico,Livros,2025-04-03,2,126.13,252.26
1324,157,Monitor 27pol,Eletronicos,2025-07-07,3,1396.02,4188.06
2398,285,Notebook Gamer,Eletronicos,2026-04-24,3,4207.41,12622.23
1251,150,Monitor 27pol,Eletronicos,2026-03-05,1,1442.49,1442.49
2272,270,Notebook Gamer,Eletronicos,2025-04-20,2,4174.1,8348.2
1381,164,Garrafa termica,Acessorios,2024-10-23,1,76.19,76.19
3294,385,Kit papelaria,Escritorio,2025-08-06,3,62.68,188.04
3489,409,Livro tecnico,Livros,2025-12-04,2,111.14,222.28
505,59,Mochila executiva,Acessorios,2026-07-13,2,206.56,413.12
829,93,Monitor 27pol,Eletronicos,2025-10-06,1,1427.57,1427.57
2869,341,Livro infantil,Livros,2026-01-22,3,37.71,113.13
622,73,Mochila executiva,Acessorios,2025-01-16,3,203.65,610.95
3229,378,Cadeira ergonomica,Moveis,2026-07-25,2,904.88,1809.76
2851,338,Teclado mecanico,Eletronicos,2025-01-18,3,330.91,992.73
383,45,Kit papelaria,Escritorio,2025-11-11,3,64.71,194.13
995,114,Livro infantil,Livros,2026-08-06,3,41.46,124.38
1004,116,Luminaria de mesa,Moveis,2026-03-08,3,141.47,424.41
2061,238,Notebook Gamer,Eletronicos,2026-04-14,1,3995.78,3995.78
954,106,Luminaria de mesa,Moveis,2026-09-24,3,141.6,424.8
1931,224,Luminaria de mesa,Moveis,2026-04-16,1,150.89,150.89
2165,254,Notebook Gamer,Eletronicos,2025-05-05,2,3962.6,7925.2
1940,225,Mouse sem fio,Eletronicos,2025-09-30,2,87.7,175.4
2778,327,Kit papelaria,Escritorio,2025-11-11,3,66.38,199.14
2597,307,Kit papelaria,Escritorio,2025-10-09,2,67.4,134.8
2883,343,Notebook Gamer,Eletronicos,2026-02-03,1,4326.38,4326.38
1366,161,Livro de ficcao,Livros,2025-05-03,2,54.94,109.88
2711,318,Livro tecnico,Livros,2026-03-11,3,128.13,384.39
2688,317,Organizador de mesa,Escritorio,2026-08-05,3,46.05,138.15
254,31,Oculos de sol,Acessorios,2026-03-29,2,155.52,311.04
2715,319,Livro de ficcao,Livros,2026-01-23,3,54.71,164.13
952,106,Estante de livros,Moveis,2026-09-10,3,400.6,1201.8
1438,169,Garrafa termica,Acessorios,2026-06-04,3,69.55,208.65
913,101,Oculos de sol,Acessorios,2026-09-11,1,149.62,149.62
3112,368,Oculos de sol,Acessorios,2025-06-19,3,162.22,486.66
150,20,Livro infantil,Livros,2026-08-30,2,36.98,73.96
1432,168,Livro tecnico,Livros,2026-02-12,2,120.01,240.02
3006,359,Livro infantil,Livros,2026-04-28,1,37.97,37.97
437,53,Livro de ficcao,Livros,2026-04-07,2,52.91,105.82
1462,172,Livro tecnico,Livros,2026-03-21,3,124.98,374.94
2809,333,Teclado mecanico,Eletronicos,2025-11-18,3,302.28,906.84
2445,292,Organizador de mesa,Escritorio,2025-07-03,3,45.86,137.58
2905,345,Garrafa termica,Acessorios,2026-04-03,3,71.89,215.67
3380,396,Livro de ficcao,Livros,2025-07-30,3,52.85,158.55
1643,190,Livro infantil,Livros,2024-10-30,1,43.05,43.05
2896,345,Teclado mecanico,Eletronicos,2025-10-28,2,315.78,631.56
2435,289,Livro infantil,Livros,2025-11-11,3,38.33,114.99
927,104,Estante de livros,Moveis,2025-02-24,3,443.07,1329.21
2563,303,Monitor 27pol,Eletronicos,2026-08-21,1,1257.22,1257.22
2033,236,Livro infantil,Livros,2026-02-22,3,37.29,111.87
3254,380,Mesa para escritorio,Moveis,2026-02-24,3,679.7,2039.1
46,6,Oculos de sol,Acessorios,2025-11-11,1,153.72,153.72
2017,234,Organizador de mesa,Escritorio,2026-01-08,3,44.65,
2631,310,Livro infantil,Livros,2026-09-23,3,37.95,113.85
2950,351,Garrafa termica,Acessorios,2025-05-24,3,69.68,209.04
2161,253,Impressora multifuncional,Escritorio,2025-05-13,3,836.12,2508.36
184,24,Luminaria de mesa,Moveis,2025-04-20,1,150.47,150.47
2316,275,Garrafa termica,Acessorios,2025-02-12,1,71.3,71.3
2062,238,Luminaria de mesa,Moveis,2025-12-27,1,153.82,153.82
2482,295,Livro de ficcao,Livros,2025-08-27,1,53.37,53.37
1142,134,Livro infantil,Livros,2025-03-19,1,40.72,40.72
1679,195,Notebook Gamer,Eletronicos,2026-06-03,1,4313.13,4313.13
2855,338,Mouse sem fio,Eletronicos,2025-03-14,2,88.97,177.94
1095,128,Livro de ficcao,Livros,2025-12-13,1,53.97,53.97
1470,173,Impressora multifuncional,Escritorio,2025-11-11,1,884.24,884.24
313,39,Mochila executiva,Acessorios,2026-04-05,2,225.06,450.12
2414,287,Kit papelaria,Escritorio,2026-04-17,3,65.23,195.69
2589,307,Mouse sem fio,Eletronicos,2025-11-08,2,85.57,171.14
2860,339,Monitor 27pol,Eletronicos,2026-04-01,2,1429.76,2859.52
2430,289,Mouse sem fio,Eletronicos,2026-03-15,1,85.92,85.92
1882,219,Organizador de mesa,Escritorio,2026-05-30,3,42.83,128.49
2889,344,Luminaria de mesa,Moveis,2026-01-24,3,157.33,471.99
2867,341,Livro infantil,Livros,2026-02-10,1,40.62,40.62
712,84,Oculos de sol,Acessorios,2026-03-12,3,170.3,510.9
2701,318,Notebook Gamer,Eletronicos,2024-11-22,2,3882.95,7765.9
1533,180,Teclado mecanico,Eletronicos,2026-01-04,3,301.48,904.44
2521,299,Livro de ficcao,Livros,2026-06-19,2,51.72,103.44
603,72,Mouse sem fio,Eletronicos,2025-10-21,3,93.69,281.07
3007,359,Kit papelaria,Escritorio,2026-04-24,3,63.85,191.55
3160,372,Mesa para escritorio,Moveis,2025-12-20,1,631.71,631.71
476,57,Luminaria de mesa,Moveis,2025-09-07,1,154.73,154.73
1665,193,Mesa para escritorio,Moveis,2026-07-01,3,679.9,2039.7
1731,200,Oculos de sol,Acessorios,2025-09-19,3,162.49,487.47
3044,362,Webcam HD,Eletronicos,2026-08-24,1,184.05,184.05
3465,407,Monitor 27pol,Eletronicos,2025-08-12,1,1341.96,1341.96
2716,319,Mouse sem fio,Eletronicos,2025-09-20,3,92.13,276.39
2529,300,Mochila executiva,Acessorios,2025-06-29,1,209.56,209.56
3157,371,Estante de livros,Moveis,2026-07-29,2,442.55,885.1
434,53,Kit papelaria,Escritorio,2026-03-25,2,68.08,136.16
2504,298,Monitor 27pol,Eletronicos,2025-05-22,1,1250.69,1250.69
2085,241,Monitor 27pol,Eletronicos,2026-04-11,2,1291.42,2582.84
1541,181,Organizador de mesa,Escritorio,2024-10-13,1,44.14,44.14
3402,399,Luminaria de mesa,Moveis,2025-10-01,1,156.29,156.29
233,29,Teclado mecanico,Eletronicos,2025-12-06,2,342.66,685.32
1753,203,Livro infantil,Livros,2026-01-17,1,38.24,38.24
2584,305,Monitor 27pol,Eletronicos,2026-07-13,2,1404.23,2808.46
2742,322,Livro infantil,Livros,2026-02-26,3,40.68,122.04
3162,372,Impressora multifuncional,Escritorio,2025-06-23,1,920.17,920.17
418,51,Monitor 27pol,Eletronicos,2026-06-01,2,1278.43,2556.86
3098,367,Kit papelaria,Escritorio,2026-04-15,2,64.42,128.84
294,37,Garrafa termica,Acessorios,2026-03-31,3,75.58,226.74
460,55,Livro tecnico,Livros,2026-07-30,2,117.9,235.8
1090,127,Livro tecnico,Livros,2026-09-06,1,121.38,121.38
2575,304,Mouse sem fio,Eletronicos,2026-04-16,2,88.64,177.28
1580,185,Impressora multifuncional,Escritorio,2026-06-09,3,853.15,2559.45
302,37,Estante de livros,Moveis,2025-05-01,1,393.02,393.02
786,90,Organizador de mesa,Escritorio,2026-02-22,3,47.85,143.55
2133,249,Estante de livros,Moveis,2026-01-13,1,411.28,411.28
3077,365,Cadeira ergonomica,Moveis,2026-08-25,2,922.69,1845.38
227,28,Livro de ficcao,Livros,2026-04-28,1,57.75,57.75
500,59,Estante de livros,Moveis,2026-04-25,1,430.32,430.32
558,66,Garrafa termica,Acessorios,2025-07-07,1,69.96,69.96
2280,272,Monitor 27pol,Eletronicos,2026-03-30,3,1281.76,3845.28
1785,207,Kit papelaria,Escritorio,2024-07-15,2,61.6,123.2
738,86,Livro infantil,Livros,2025-10-27,2,42.75,85.5
612,73,Luminaria de mesa,Moveis,2025-12-05,2,147.12,294.24
1514,179,Teclado mecanico,Eletronicos,2025-09-26,2,337.34,674.68
2596,307,Impressora multifuncional,Escritorio,2024-09-04,3,869.27,2607.81
898,100,Mesa para escritorio,Moveis,2025-12-21,2,685.84,1371.68
354,42,Cadeira ergonomica,Moveis,2026-08-18,3,997.39,2992.17
1014,118,Cadeira ergonomica,Moveis,2025-02-23,2,906.0,1812.0
172,23,Impressora multifuncional,Escritorio,2026-03-30,2,864.82,1729.64
2194,260,Mouse sem fio,Eletronicos,2026-03-06,2,95.54,191.08
687,81,Teclado mecanico,Eletronicos,2026-09-10,1,336.93,336.93
375,45,Cadeira ergonomica,Moveis,2025-09-04,1,934.08,934.08
818,92,Livro infantil,Livros,2026-06-24,1,42.82,42.82
3430,404,Cadeira ergonomica,Moveis,2025-11-27,1,1052.68,1052.68
99,14,Mochila executiva,Acessorios,2026-05-07,2,225.07,450.14
158,21,Livro infantil,Livros,2026-01-25,3,40.98,122.94
595,71,Livro de ficcao,Livros,2026-08-12,3,55.06,165.18
3479,407,Mesa para escritorio,Moveis,2025-07-25,1,611.39,611.39
2549,302,Kit papelaria,Escritorio,2026-08-23,3,69.98,209.94
3567,418,Organizador de mesa,Escritorio,2025-07-09,3,46.7,140.1
999,115,Estante de livros,Moveis,2025-03-19,2,398.3,796.6
1419,167,Livro infantil,Livros,2026-05-03,1,42.41,42.41
949,105,Garrafa termica,Acessorios,2025-05-15,1,71.87,71.87
1793,208,Notebook Gamer,Eletronicos,2026-02-06,2,3904.64,7809.28
3275,384,Livro tecnico,Livros,2026-02-26,3,127.58,382.74
1546,181,Mochila executiva,Acessorios,2024-06-18,1,221.08,221.08
3302,386,Livro tecnico,Livros,2026-01-28,3,122.3,366.9
935,104,Monitor 27pol,Eletronicos,2025-09-04,1,1250.26,1250.26
1806,209,Livro tecnico,Livros,2025-08-21,1,118.54,118.54
1346,159,Livro de ficcao,Livros,2025-03-30,1,55.48,55.48
177,23,Livro de ficcao,Livros,2024-10-14,1,54.15,54.15
2219,263,Cadeira ergonomica,Moveis,2026-07-01,1,979.75,979.75
1078,126,Oculos de sol,Acessorios,2026-04-07,3,147.89,443.67
1893,220,Mesa para escritorio,Moveis,2025-08-17,3,650.46,1951.38
1280,153,Mochila executiva,Acessorios,2026-09-25,1,222.78,222.78
750,87,Mesa para escritorio,Moveis,2025-11-19,1,611.26,611.26
3290,385,Mouse sem fio,Eletronicos,2026-05-01,1,93.83,93.83
984,111,Impressora multifuncional,Escritorio,2026-08-18,1,894.41,894.41
3135,369,Oculos de sol,Acessorios,2026-06-18,1,170.83,170.83
3297,386,Mouse sem fio,Eletronicos,2026-04-17,2,84.37,168.74
2738,322,Garrafa termica,Acessorios,2026-02-10,2,69.49,138.98
2057,237,Luminaria de mesa,Moveis,2025-04-13,1,161.16,161.16
2655,312,Oculos de sol,Acessorios,2026-04-13,2,171.3,342.6
381,45,Livro de ficcao,Livros,2025-12-14,1,59.21,59.21
2016,234,Livro de ficcao,Livros,2025-11-11,3,54.66,163.98
1976,230,Teclado mecanico,Eletronicos,2024-12-01,3,342.87,1028.61
2668,313,Organizador de mesa,Escritorio,2026-02-17,2,44.69,89.38
1589,185,Mesa para escritorio,Moveis,2025-10-12,1,645.06,645.06
77,10,Impressora multifuncional,Escritorio,2026-05-03,1,928.78,928.78
2651,312,Livro infantil,Livros,2026-02-28,3,36.94,110.82
1606,187,Livro infantil,Livros,2026-09-06,2,37.39,74.78
1600,186,Mochila executiva,Acessorios,2025-08-28,1,223.6,
2116,246,Teclado mecanico,Eletronicos,2026-09-22,1,344.65,344.65
3137,370,Webcam HD,Eletronicos,2025-11-17,3,187.37,562.11
2591,307,Impressora multifuncional,Escritorio,2025-12-29,2,952.91,1905.82
1995,232,Estante de livros,Moveis,2026-08-27,3,417.84,1253.52
1739,201,Impressora multifuncional,Escritorio,2025-04-02,2,934.56,1869.12
923,102,Livro de ficcao,Livros,2026-03-03,3,55.06,165.18
887,99,Livro tecnico,Livros,2026-04-29,2,129.06,258.12
1709,197,Cadeira ergonomica,Moveis,2025-04-04,1,936.56,936.56
1615,188,Kit papelaria,Escritorio,2026-03-29,2,64.89,129.78
3441,405,Notebook Gamer,Eletronicos,2025-09-03,2,3979.29,7958.58
3114,368,Notebook Gamer,Eletronicos,2025-03-14,3,4487.98,13463.94
1170,138,Monitor 27pol,Eletronicos,2025-12-31,2,1404.76,2809.52
2190,259,Estante de livros,Moveis,2026-01-17,3,417.27,1251.81
1184,140,Mesa para escritorio,Moveis,2026-03-14,2,695.25,1390.5
571,69,Livro tecnico,Livros,2026-05-03,2,114.63,229.26
1856,215,Impressora multifuncional,Escritorio,2026-05-14,2,861.37,1722.74
1605,186,Cadeira ergonomica,Moveis,2025-03-24,3,975.06,2925.18
3364,394,Cadeira ergonomica,Moveis,2026-01-09,2,933.38,1866.76
2382,283,Luminaria de mesa,Moveis,2026-02-07,3,159.71,479.13
2321,275,Impressora multifuncional,Escritorio,2025-08-06,3,874.14,2622.42
648,78,Mochila executiva,Acessorios,2026-05-29,1,221.95,221.95
1516,179,Webcam HD,Eletronicos,2025-09-01,1,188.25,188.25
2064,238,Estante de livros,Moveis,2026-04-22,3,452.37,1357.11
668,80,Livro de ficcao,Livros,2024-06-29,1,53.75,53.75
1171,138,Monitor 27pol,Eletronicos,2025-11-14,1,1451.69,1451.69
3596,420,Livro infantil,Livros,2025-04-14,1,37.75,37.75
2292,272,Garrafa termica,Acessorios,2026-04-03,2,77.54,155.08
140,19,Mochila executiva,Acessorios,2025-05-20,1,203.17,203.17
1225,147,Webcam HD,Eletronicos,2026-04-29,2,182.81,365.62
1604,186,Teclado mecanico,Eletronicos,2025-08-10,1,320.41,320.41
3249,379,Livro de ficcao,Livros,2026-04-22,1,57.74,57.74
298,37,Oculos de sol,Acessorios,2026-03-23,2,166.73,333.46
876,97,Livro infantil,Livros,2026-03-20,3,38.07,114.21
1805,209,Garrafa termica,Acessorios,2025-06-08,2,75.73,3458.04
2957,351,Livro tecnico,Livros,2025-11-27,3,112.25,336.75
3023,360,Luminaria de mesa,Moveis,2025-04-16,2,153.95,307.9
2444,291,Organizador de mesa,Escritorio,2026-06-21,2,45.72,91.44
2197,261,Livro de ficcao,Livros,2025-04-24,3,54.84,164.52
1921,223,Livro tecnico,Livros,2026-03-29,1,113.11,113.11
1169,138,Mouse sem fio,Eletronicos,2026-05-04,3,95.7,287.1
252,30,Luminaria de mesa,Moveis,2025-08-20,1,138.01,138.01
2392,284,Mochila executiva,Acessorios,2025-07-06,1,213.13,213.13
2048,237,Mesa para escritorio,Moveis,2025-10-15,3,650.25,1950.75
2859,339,Webcam HD,Eletronicos,2026-02-23,1,192.38,192.38
3191,374,Cadeira ergonomica,Moveis,2026-04-23,3,998.73,2996.19
2714,319,Webcam HD,Eletronicos,2026-03-14,2,165.71,331.42
3073,364,Estante de livros,Moveis,2025-10-11,3,427.58,1282.74
3267,383,Livro infantil,Livros,2026-04-01,2,42.31,84.62
1844,213,Teclado mecanico,Eletronicos,2026-07-25,3,295.91,887.73
817,92,Mochila executiva,Acessorios,2025-05-05,2,197.74,395.48
1716,198,Livro tecnico,Livros,2026-04-14,2,124.29,248.58
1013,117,Garrafa termica,Acessorios,2024-10-20,3,77.68,233.04
2131,249,Teclado mecanico,Eletronicos,2025-07-13,2,330.65,661.3
267,33,Estante de livros,Moveis,2026-03-22,3,440.61,1321.83
1744,202,Garrafa termica,Acessorios,2024-09-24,1,73.98,73.98
103,15,Oculos de sol,Acessorios,2025-05-24,1,147.46,147.46
261,32,Garrafa termica,Acessorios,2025-10-18,1,76.59,76.59
2365,280,Monitor 27pol,Eletronicos,2026-07-15,2,1367.12,2734.24
2218,263,Luminaria de mesa,Moveis,2026-07-01,2,142.5,285.0
1112,130,Mochila executiva,Acessorios,2025-12-30,3,223.88,671.64
3377,396,Webcam HD,Eletronicos,2025-11-23,3,169.74,509.22
1888,219,Organizador de mesa,Escritorio,2025-08-05,2,44.16,
361,42,Kit papelaria,Escritorio,2026-02-02,2,61.46,122.92
3531,413,Mouse sem fio,Eletronicos,2026-04-20,1,82.75,82.75
1987,231,Mesa para escritorio,Moveis,2025-11-15,1,681.8,681.8
318,39,Monitor 27pol,Eletronicos,2025-02-27,3,1352.61,4057.83
2286,272,Estante de livros,Moveis,2026-05-02,2,430.43,860.86
2173,255,Garrafa termica,Acessorios,2026-09-27,1,71.09,71.09
1549,182,Luminaria de mesa,Moveis,2025-04-16,2,145.5,291.0
265,32,Garrafa termica,Acessorios,2024-11-16,1,72.94,72.94
3456,406,Teclado mecanico,Eletronicos,2025-04-13,2,311.96,623.92
2168,254,Notebook Gamer,Eletronicos,2025-03-12,1,4002.55,4002.55
3219,377,Luminaria de mesa,Moveis,2026-03-11,3,152.6,457.8
2307,274,Garrafa termica,Acessorios,2026-06-27,2,80.82,161.64
3047,362,Webcam HD,Eletronicos,2026-09-07,1,168.79,168.79
1120,132,Livro infantil,Livros,2026-02-28,2,42.18,84.36
3346,392,Notebook Gamer,Eletronicos,2024-10-09,1,3950.82,3950.82
3408,399,Teclado mecanico,Eletronicos,2025-04-28,2,297.76,595.52
2866,340,Kit papelaria,Escritorio,2025-07-16,1,65.78,65.78
152,20,Oculos de sol,Acessorios,2026-06-22,3,165.86,497.58
2208,262,Mesa para escritorio,Moveis,2025-11-08,1,603.84,603.84
65,9,Livro infantil,Livros,2025-04-08,2,37.1,74.2
1046,122,Webcam HD,Eletronicos,2026-02-11,1,169.26,169.26
551,65,Kit papelaria,Escritorio,2026-01-05,1,65.78,65.78
2332,276,Mochila executiva,Acessorios,2026-01-03,2,199.83,399.66
1240,149,Estante de livros,Moveis,2026-08-04,2,401.44,802.88
3358,393,Webcam HD,Eletronicos,2026-06-16,1,183.24,183.24
3558,417,Livro de ficcao,Livros,2026-03-16,3,52.53,157.59
2604,308,Estante de livros,Moveis,2025-07-27,3,421.44,1264.32
1673,194,Organizador de mesa,Escritorio,2025-03-31,2,43.05,86.1
1492,176,Cadeira ergonomica,Moveis,2026-05-11,1,926.05,926.05
1628,189,Estante de livros,Moveis,2026-08-14,3,443.94,1331.82
3301,386,Mouse sem fio,Eletronicos,2026-04-03,1,90.86,90.86
33,3,Kit papelaria,Escritorio,2025-07-17,1,63.31,63.31
1291,154,Mesa para escritorio,Moveis,2026-09-29,3,658.64,1975.92
2570,303,Cadeira ergonomica,Moveis,2026-09-28,1,1019.99,1019.99
2988,356,Livro tecnico,Livros,2026-01-18,3,119.27,357.81
1765,205,Monitor 27pol,Eletronicos,2024-09-14,3,1319.96,3959.88
1275,152,Mochila executiva,Acessorios,2025-01-20,3,223.97,671.91
3471,407,Livro de ficcao,Livros,2024-12-17,3,58.55,175.65
2659,312,Mesa para escritorio,Moveis,2026-01-06,3,677.93,2033.79
1341,159,Notebook Gamer,Eletronicos,2026-01-04,2,4086.96,8173.92
1966,229,Webcam HD,Eletronicos,2025-03-16,3,190.31,570.93
2696,317,Luminaria de mesa,Moveis,2026-07-21,3,147.59,442.77
2806,333,Notebook Gamer,Eletronicos,2026-08-13,3,4327.43,12982.29
1599,186,Impressora multifuncional,Escritorio,2025-07-08,2,906.48,1812.96
1583,185,Webcam HD,Eletronicos,2026-08-29,3,177.17,531.51
1456,172,Organizador de mesa,Escritorio,2025-06-10,3,41.84,125.52
1959,228,Mouse sem fio,Eletronicos,2026-03-12,1,92.15,92.15
2457,293,Livro infantil,Livros,2026-07-02,2,39.87,79.74
2152,252,Garrafa termica,Acessorios,2026-06-26,2,77.57,155.14
1380,164,Webcam HD,Eletronicos,2025-05-12,2,178.45,356.9
1513,179,Monitor 27pol,Eletronicos,2026-05-30,3,1422.46,4267.38
3103,367,Garrafa termica,Acessorios,2025-06-10,2,73.29,146.58
2009,233,Livro tecnico,Livros,2026-07-15,1,116.96,116.96
2203,261,Mesa para escritorio,Moveis,2025-08-27,3,693.76,2081.28
3086,366,Impressora multifuncional,Escritorio,2025-11-07,1,851.98,851.98
3166,373,Teclado mecanico,Eletronicos,2025-12-01,1,298.69,298.69
708,83,Kit papelaria,Escritorio,2025-11-01,3,68.67,206.01
1387,164,Organizador de mesa,Escritorio,2025-06-03,3,48.22,144.66
1547,181,Livro infantil,Livros,2025-11-17,2,41.65,83.3
1503,178,Kit papelaria,Escritorio,2026-03-20,2,60.25,120.5
3009,359,Oculos de sol,Acessorios,2026-04-24,3,152.62,457.86
321,40,Mochila executiva,Acessorios,2026-02-19,1,197.77,197.77
978,109,Livro de ficcao,Livros,2026-03-13,2,58.65,117.3
3379,396,Webcam HD,Eletronicos,2026-03-21,2,173.39,346.78
600,72,Mesa para escritorio,Moveis,2025-05-12,2,623.01,1246.02
3134,369,Kit papelaria,Escritorio,2026-06-22,3,65.32,195.96
2182,258,Garrafa termica,Acessorios,2025-09-06,3,77.58,232.74
1059,125,Oculos de sol,Acessorios,2026-04-28,1,153.6,153.6
3206,375,Estante de livros,Moveis,2026-09-17,1,425.94,425.94
2901,345,Mesa para escritorio,Moveis,2026-09-16,2,626.66,1253.32
457,55,Livro de ficcao,Livros,2026-08-12,3,51.69,155.07
186,24,Luminaria de mesa,Moveis,2025-06-05,1,161.51,161.51
1750,203,Livro de ficcao,Livros,2026-09-28,1,51.98,51.98
39,5,Kit papelaria,Escritorio,2026-08-12,1,68.53,68.53
1151,136,Livro infantil,Livros,2025-10-10,1,38.38,38.38
1024,119,Livro de ficcao,Livros,2025-11-01,3,50.68,152.04
156,20,Livro tecnico,Livros,2025-10-04,3,127.73,383.19
763,88,Mochila executiva,Acessorios,2024-06-03,2,220.97,441.94
3307,386,Oculos de sol,Acessorios,2026-03-15,2,147.8,295.6
3443,405,Organizador de mesa,Escritorio,2026-07-20,1,43.32,43.32
1833,212,Notebook Gamer,Eletronicos,2026-09-20,3,3960.98,11882.94
1136,134,Cadeira ergonomica,Moveis,2026-04-22,1,901.66,901.66
3073,364,Estante de livros,Moveis,2025-10-11,3,427.58,1282.74
2552,302,Kit papelaria,Escritorio,2026-05-22,1,61.39,61.39
2646,311,Estante de livros,Moveis,2026-04-08,3,416.97,1250.91
1269,152,Mochila executiva,Acessorios,2025-09-08,3,201.43,604.29
1108,130,Mesa para escritorio,Moveis,2026-03-31,2,618.16,1236.32
102,15,Cadeira ergonomica,Moveis,2025-01-23,2,986.87,1973.74
805,91,Estante de livros,Moveis,2026-02-01,2,433.82,867.64
511,60,Notebook Gamer,Eletronicos,2026-07-21,2,4078.22,8156.44
997,114,Notebook Gamer,Eletronicos,2026-08-06,2,4061.88,8123.76
1596,186,Impressora multifuncional,Escritorio,2025-09-26,3,844.55,2533.65
2366,280,Estante de livros,Moveis,2026-09-17,2,399.68,799.36
2213,262,Organizador de mesa,Escritorio,2025-06-10,2,46.78,93.56
1401,165,Monitor 27pol,Eletronicos,2026-02-03,3,1436.85,4310.55
1122,132,Mesa para escritorio,Moveis,2026-05-03,3,696.56,2089.68
3208,376,Livro infantil,Livros,2026-08-12,3,37.02,111.06
2483,295,Livro de ficcao,Livros,2025-06-02,2,56.84,113.68
393,46,Monitor 27pol,Eletronicos,2026-03-26,3,1266.94,3800.82
1897,220,Estante de livros,Moveis,2026-02-05,3,409.1,1227.3
3433,404,Livro tecnico,Livros,2025-11-16,1,123.06,123.06
1287,153,Monitor 27pol,Eletronicos,2026-04-22,3,1437.39,4312.17
168,21,Webcam HD,Eletronicos,2026-05-07,2,178.89,357.78
793,90,Garrafa termica,Acessorios,2026-03-31,3,76.16,228.48
1986,231,Oculos de sol,Acessorios,2025-11-23,2,160.83,321.66
422,52,Notebook Gamer,Eletronicos,2025-02-20,1,4327.79,4327.79
2547,302,Oculos de sol,Acessorios,2026-06-12,1,161.65,161.65
962,108,Mesa para escritorio,Moveis,2025-12-05,2,610.65,1221.3
3555,417,Cadeira ergonomica,Moveis,2025-11-08,1,1022.59,1022.59
2237,265,Mochila executiva,Acessorios,2025-12-28,2,196.52,393.04
414,49,Monitor 27pol,Eletronicos,2026-03-04,1,1246.24,1246.24
2115,246,Webcam HD,Eletronicos,2025-12-03,1,174.58,174.58
3387,396,Estante de livros,Moveis,2026-02-06,2,405.56,811.12
1620,188,Garrafa termica,Acessorios,2026-04-23,3,79.58,238.74
2381,283,Teclado mecanico,Eletronicos,2025-08-10,3,316.68,950.04
2965,353,Mesa para escritorio,Moveis,2026-02-17,2,679.58,1359.16
889,99,Cadeira ergonomica,Moveis,2025-10-17,3,1050.26,3150.78
2931,347,Notebook Gamer,Eletronicos,2026-08-05,3,3951.79,11855.37
2510,298,Livro infantil,Livros,2025-07-31,1,40.93,40.93
761,88,Monitor 27pol,Eletronicos,2025-11-08,2,1346.0,2692.0
3381,396,Notebook Gamer,Eletronicos,2025-09-28,1,4461.39,4461.39
3536,414,Mochila executiva,Acessorios,2026-04-23,3,219.51,658.53
3583,419,Webcam HD,Eletronicos,2026-06-03,3,181.94,545.82
297,37,Kit papelaria,Escritorio,2025-05-15,3,61.75,185.25
1130,133,Notebook Gamer,Eletronicos,2026-08-28,3,3996.99,11990.97
2424,288,Teclado mecanico,Eletronicos,2025-06-27,3,303.9,911.7
333,40,Livro de ficcao,Livros,2026-04-23,2,50.93,
2098,244,Garrafa termica,Acessorios,2026-06-08,1,75.15,75.15
2647,312,Estante de livros,Moveis,2025-07-19,2,400.15,800.3
1386,164,Mesa para escritorio,Moveis,2024-10-13,1,637.75,637.75
1219,146,Livro tecnico,Livros,2025-11-20,1,123.49,123.49
2322,275,Mesa para escritorio,Moveis,2025-09-22,1,687.08,687.08
3184,374,Notebook Gamer,Eletronicos,2026-04-26,2,3932.3,7864.6
3231,378,Kit papelaria,Escritorio,2026-08-21,1,70.2,70.2
2343,278,Livro de ficcao,Livros,2026-07-25,1,58.45,58.45
187,24,Livro tecnico,Livros,2025-09-28,2,128.52,257.04
125,16,Monitor 27pol,Eletronicos,2026-06-17,2,1392.98,2785.96
3329,388,Luminaria de mesa,Moveis,2025-10-29,3,161.6,484.8
2184,258,Estante de livros,Moveis,2026-02-08,1,392.56,392.56
942,105,Notebook Gamer,Eletronicos,2025-12-06,2,3900.98,7801.96
2807,333,Cadeira ergonomica,Moveis,2026-09-04,3,1051.25,3153.75
464,56,Teclado mecanico,Eletronicos,2025-05-22,1,339.66,339.66
2333,276,Impressora multifuncional,Escritorio,2026-01-24,2,880.03,1760.06
1248,150,Livro tecnico,Livros,2026-01-05,1,127.48,127.48
1792,208,Livro de ficcao,Livros,2026-05-11,2,51.89,103.78
3260,380,Mouse sem fio,Eletronicos,2026-01-03,3,89.4,268.2
2380,283,Livro de ficcao,Livros,2025-06-05,1,50.97,50.97
755,87,Livro infantil,Livros,2025-09-18,2,39.63,79.26
1767,205,Mouse sem fio,Eletronicos,2025-11-15,3,89.6,268.8
1571,183,Luminaria de mesa,Moveis,2026-03-31,3,158.03,474.09
209,26,Garrafa termica,Acessorios,2026-03-14,3,72.34,217.02
206,26,Mochila executiva,Acessorios,2026-04-17,1,201.98,201.98
939,105,Monitor 27pol,Eletronicos,2025-08-09,1,1358.29,1358.29
1704,197,Mouse sem fio,Eletronicos,2026-04-06,3,92.37,277.11
1902,221,Livro tecnico,Livros,2026-07-17,3,120.93,362.79
847,95,Kit papelaria,Escritorio,2025-02-07,1,68.91,68.91
2088,243,Organizador de mesa,Escritorio,2026-01-19,1,44.41,44.41
3570,418,Impressora multifuncional,Escritorio,2025-08-03,2,878.52,1757.04
116,16,Notebook Gamer,Eletronicos,2026-03-07,1,3982.32,3982.32
968,108,Livro tecnico,Livros,2025-01-01,1,113.66,113.66
621,73,Mochila executiva,Acessorios,2026-01-25,3,220.79,662.37
2915,346,Kit papelaria,Escritorio,2025-08-11,1,63.11,63.11
2581,305,Luminaria de mesa,Moveis,2026-07-08,3,154.73,464.19
409,48,Mesa para escritorio,Moveis,2026-10-01,2,601.39,1202.78
3003,358,Oculos de sol,Acessorios,2025-02-02,3,154.51,463.53
467,56,Cadeira ergonomica,Moveis,2025-10-21,3,1007.34,3022.02
3127,369,Livro tecnico,Livros,2026-07-19,2,117.93,235.86
3467,407,Luminaria de mesa,Moveis,2026-03-01,3,144.59,433.77
3517,411,Estante de livros,Moveis,2026-01-08,2,403.22,806.44
2170,255,Estante de livros,Moveis,2026-07-22,2,411.64,823.28
2314,275,Mesa para escritorio,Moveis,2025-03-21,1,688.56,688.56
2284,272,Mochila executiva,Acessorios,2026-04-18,1,225.85,225.85
1297,154,Oculos de sol,Acessorios,2026-04-20,3,151.05,453.15
520,62,Organizador de mesa,Escritorio,2025-09-29,2,45.76,91.52
3117,368,Kit papelaria,Escritorio,2025-07-21,1,60.68,60.68
819,92,Livro tecnico,Livros,2026-01-31,1,124.55,124.55
76,10,Livro tecnico,Livros,2026-05-03,3,117.45,352.35
243,30,Teclado mecanico,Eletronicos,2025-11-08,3,320.56,961.68
1608,187,Estante de livros,Moveis,2026-02-15,3,390.99,1172.97
115,16,Organizador de mesa,Escritorio,2025-12-14,3,47.06,
212,27,Oculos de sol,Acessorios,2025-06-04,2,148.0,296.0
2318,275,Monitor 27pol,Eletronicos,2024-12-13,2,1278.46,2556.92
2670,313,Luminaria de mesa,Moveis,2026-01-05,2,158.26,316.52
1126,133,Webcam HD,Eletronicos,2026-08-11,1,175.29,175.29
2407,287,Kit papelaria,Escritorio,2026-04-08,1,61.93,61.93
2585,305,Notebook Gamer,Eletronicos,2026-07-23,3,4292.93,12878.79
2703,318,Mochila executiva,Acessorios,2024-11-20,2,194.23,388.46
3021,360,Garrafa termica,Acessorios,2025-04-20,1,76.93,76.93
1458,172,Livro de ficcao,Livros,2025-05-01,2,53.04,106.08
2411,287,Teclado mecanico,Eletronicos,2026-04-11,2,312.01,624.02
676,80,Livro tecnico,Livros,2026-01-06,1,115.23,115.23
2795,331,Estante de livros,Moveis,2025-12-31,1,425.29,425.29
3056,362,Teclado mecanico,Eletronicos,2026-09-24,2,340.79,681.58
711,83,Luminaria de mesa,Moveis,2026-02-17,3,143.17,429.51
584,71,Mesa para escritorio,Moveis,2024-11-27,1,624.48,624.48
753,87,Kit papelaria,Escritorio,2025-05-11,3,69.19,207.57
589,71,Estante de livros,Moveis,2026-01-18,1,422.58,422.58
862,96,Estante de livros,Moveis,2025-01-08,2,391.83,783.66
230,29,Livro tecnico,Livros,2026-03-14,3,112.19,336.57
40,5,Monitor 27pol,Eletronicos,2026-05-30,3,1332.61,3997.83
1372,162,Teclado mecanico,Eletronicos,2026-01-24,2,322.66,645.32
2037,236,Monitor 27pol,Eletronicos,2025-11-18,3,1427.87,4283.61
1626,189,Garrafa termica,Acessorios,2026-07-09,1,72.02,72.02
1425,168,Mesa para escritorio,Moveis,2026-02-18,3,689.53,2068.59
1719,198,Garrafa termica,Acessorios,2026-04-04,3,76.04,228.12
3553,417,Estante de livros,Moveis,2026-01-14,3,386.79,1160.37
1397,165,Kit papelaria,Escritorio,2024-11-25,1,68.43,68.43
1441,170,Luminaria de mesa,Moveis,2025-08-11,2,139.73,279.46
2568,303,Kit papelaria,Escritorio,2026-09-05,3,64.76,194.28
2802,333,Webcam HD,Eletronicos,2026-06-14,2,166.18,332.36
1008,116,Oculos de sol,Acessorios,2025-09-08,2,165.26,330.52
2463,293,Livro de ficcao,Livros,2026-07-02,2,56.13,112.26
2785,328,Livro infantil,Livros,2025-07-30,3,39.61,118.83
808,91,Cadeira ergonomica,Moveis,2025-12-07,1,1028.41,1028.41
235,29,Teclado mecanico,Eletronicos,2025-06-06,1,313.01,313.01
31,3,Notebook Gamer,Eletronicos,2026-03-04,1,4071.88,4071.88
3289,385,Mesa para escritorio,Moveis,2026-04-22,2,652.89,1305.78
784,90,Teclado mecanico,Eletronicos,2026-09-22,1,308.29,308.29
3145,370,Estante de livros,Moveis,2025-11-14,2,404.15,808.3
316,39,Mochila executiva,Acessorios,2026-07-19,3,215.26,645.78
1160,137,Livro tecnico,Livros,2025-10-29,1,115.34,115.34
3413,400,Livro de ficcao,Livros,2026-07-12,3,56.36,169.08
3584,419,Monitor 27pol,Eletronicos,2025-03-10,2,1392.55,2785.1
3027,360,Webcam HD,Eletronicos,2025-08-29,2,193.34,386.68
1824,211,Oculos de sol,Acessorios,2026-07-28,2,160.82,321.64
1074,126,Monitor 27pol,Eletronicos,2025-06-06,3,1443.01,4329.03
756,87,Cadeira ergonomica,Moveis,2026-04-09,3,1023.96,3071.88
1105,130,Webcam HD,Eletronicos,2025-08-07,3,171.89,515.67
998,114,Livro de ficcao,Livros,2026-09-18,3,56.43,169.29
910,101,Luminaria de mesa,Moveis,2026-08-01,2,145.68,291.36
330,40,Mouse sem fio,Eletronicos,2026-01-16,2,88.98,177.96
1096,128,Organizador de mesa,Escritorio,2026-01-24,3,41.56,124.68
2847,338,Cadeira ergonomica,Moveis,2026-01-02,1,920.71,920.71
3494,409,Cadeira ergonomica,Moveis,2026-04-19,3,907.44,2722.32
3163,372,Kit papelaria,Escritorio,2025-11-16,3,69.24,207.72
735,86,Mouse sem fio,Eletronicos,2025-08-24,1,96.26,96.26
3477,407,Mesa para escritorio,Moveis,2026-04-10,1,695.63,695.63
413,48,Livro tecnico,Livros,2026-06-25,2,113.2,226.4
1617,188,Organizador de mesa,Escritorio,2026-08-26,2,44.26,88.52
2566,303,Livro de ficcao,Livros,2026-05-05,2,56.18,112.36
1633,189,Webcam HD,Eletronicos,2026-07-29,2,190.37,380.74
3028,360,Monitor 27pol,Eletronicos,2025-10-14,1,1421.65,34948.38
3204,375,Monitor 27pol,Eletronicos,2025-12-13,2,1414.82,2829.64
3589,420,Mouse sem fio,Eletronicos,2024-08-12,2,96.59,193.18
1338,159,Livro infantil,Livros,2025-01-30,3,38.89,116.67
980,110,Monitor 27pol,Eletronicos,2026-03-14,2,1257.78,2515.56
1542,181,Impressora multifuncional,Escritorio,2025-04-12,1,828.01,828.01
2709,318,Oculos de sol,Acessorios,2026-01-07,1,164.75,164.75
3246,379,Teclado mecanico,Eletronicos,2025-12-18,2,343.33,686.66
2400,286,Oculos de sol,Acessorios,2026-08-20,1,167.54,167.54
2833,337,Webcam HD,Eletronicos,2025-10-30,2,173.56,347.12
3151,371,Notebook Gamer,Eletronicos,2026-04-02,2,4245.98,8491.96
554,65,Luminaria de mesa,Moveis,2026-02-28,3,142.2,426.6
3385,396,Mochila executiva,Acessorios,2025-07-08,3,223.56,670.68
479,58,Luminaria de mesa,Moveis,2026-07-13,3,152.18,456.54
2267,269,Impressora multifuncional,Escritorio,2026-05-19,3,870.95,2612.85
366,43,Mouse sem fio,Eletronicos,2026-09-15,1,95.68,95.68
3238,379,Organizador de mesa,Escritorio,2025-11-22,1,42.28,42.28
1314,157,Mochila executiva,Acessorios,2026-05-26,2,222.7,445.4
3476,407,Livro infantil,Livros,2025-09-20,2,40.03,80.06
3060,363,Webcam HD,Eletronicos,2025-07-02,2,174.6,349.2
2418,288,Mouse sem fio,Eletronicos,2025-07-18,3,84.75,254.25
1796,208,Impressora multifuncional,Escritorio,2026-02-04,1,867.71,867.71
2039,236,Impressora multifuncional,Escritorio,2026-04-10,2,917.55,
3423,402,Luminaria de mesa,Moveis,2026-09-14,1,150.41,150.41
2590,307,Notebook Gamer,Eletronicos,2025-09-08,3,4158.93,12476.79
2882,343,Cadeira ergonomica,Moveis,2025-10-06,1,1057.6,1057.6
371,44,Mouse sem fio,Eletronicos,2025-05-14,1,86.32,86.32
734,86,Livro infantil,Livros,2025-07-11,3,38.59,115.77
3534,414,Luminaria de mesa,Moveis,2026-02-27,1,143.78,143.78
1778,207,Webcam HD,Eletronicos,2024-10-25,3,174.4,523.2
183,24,Teclado mecanico,Eletronicos,2025-06-04,3,294.97,884.91
659,79,Garrafa termica,Acessorios,2026-02-16,3,73.48,220.44
3118,368,Cadeira ergonomica,Moveis,2025-09-07,2,979.2,1958.4
3472,407,Mouse sem fio,Eletronicos,2025-05-03,1,93.73,93.73
557,66,Cadeira ergonomica,Moveis,2025-05-02,3,1051.62,3154.86
2185,258,Mochila executiva,Acessorios,2026-01-26,1,209.58,209.58
481,58,Webcam HD,Eletronicos,2026-07-13,1,171.93,171.93
1649,190,Oculos de sol,Acessorios,2025-10-15,3,147.54,442.62
347,41,Webcam HD,Eletronicos,2025-07-05,1,177.28,177.28
1942,226,Teclado mecanico,Eletronicos,2026-07-12,3,334.2,1002.6
3400,399,Kit papelaria,Escritorio,2026-04-21,2,68.8,137.6
2980,355,Luminaria de mesa,Moveis,2025-08-14,3,156.27,468.81
1827,212,Estante de livros,Moveis,2025-02-28,2,416.45,832.9
3396,399,Notebook Gamer,Eletronicos,2026-01-29,1,3978.6,3978.6
3406,399,Mesa para escritorio,Moveis,2025-07-08,3,599.66,1798.98
3552,417,Estante de livros,Moveis,2026-01-03,3,425.5,1276.5
2077,240,Garrafa termica,Acessorios,2026-08-09,3,76.94,230.82
3101,367,Mouse sem fio,Eletronicos,2025-10-04,2,92.57,185.14
1281,153,Monitor 27pol,Eletronicos,2026-05-30,1,1389.32,1389.32
1607,187,Notebook Gamer,Eletronicos,2026-03-21,2,3919.02,
821,93,Kit papelaria,Escritorio,2026-08-03,1,64.97,64.97
1727,200,Cadeira ergonomica,Moveis,2026-02-16,1,948.28,948.28
1336,158,Webcam HD,Eletronicos,2025-08-05,3,167.95,503.85
1979,230,Mouse sem fio,Eletronicos,2025-11-25,1,91.66,91.66
1391,164,Mouse sem fio,Eletronicos,2026-02-01,2,94.82,189.64
1738,201,Mouse sem fio,Eletronicos,2025-08-04,3,88.04,264.12
3485,408,Monitor 27pol,Eletronicos,2026-04-08,1,1422.13,1422.13
2520,299,Mochila executiva,Acessorios,2025-07-03,1,199.13,199.13
408,47,Estante de livros,Moveis,2026-09-10,3,406.19,1218.57
1618,188,Cadeira ergonomica,Moveis,2026-06-05,1,929.99,929.99
1235,147,Oculos de sol,Acessorios,2026-04-08,2,158.35,316.7
2989,356,Estante de livros,Moveis,2025-08-15,3,407.65,1222.95
2925,347,Garrafa termica,Acessorios,2025-12-07,3,80.04,240.12
3059,363,Cadeira ergonomica,Moveis,2025-08-29,1,1027.18,1027.18
3425,402,Mesa para escritorio,Moveis,2026-05-03,3,623.77,1871.31
1156,136,Webcam HD,Eletronicos,2026-01-02,2,175.83,351.66
66,9,Notebook Gamer,Eletronicos,2026-08-20,1,3950.09,3950.09
2472,294,Garrafa termica,Acessorios,2025-10-19,2,72.26,144.52
3529,413,Mouse sem fio,Eletronicos,2026-03-27,2,87.75,175.5
2643,311,Mesa para escritorio,Moveis,2026-01-11,3,600.99,1802.97
2147,252,Luminaria de mesa,Moveis,2026-06-26,1,160.83,160.83
916,101,Garrafa termica,Acessorios,2026-07-29,1,74.3,74.3
94,13,Cadeira ergonomica,Moveis,2026-09-13,3,1028.4,3085.2
3523,413,Teclado mecanico,Eletronicos,2025-05-11,2,326.65,653.3
221,28,Mochila executiva,Acessorios,2026-01-28,2,209.35,418.7
2743,322,Cadeira ergonomica,Moveis,2026-04-01,2,981.21,1962.42
504,59,Mochila executiva,Acessorios,2025-04-06,1,209.52,209.52
3491,409,Livro tecnico,Livros,2025-07-20,1,125.1,125.1
1715,198,Mouse sem fio,Eletronicos,2026-03-02,2,83.63,
3081,365,Cadeira ergonomica,Moveis,2026-03-25,1,988.44,988.44
1354,160,Kit papelaria,Escritorio,2025-01-19,2,68.65,137.3
2832,337,Garrafa termica,Acessorios,2025-09-18,3,77.1,231.3
3311,387,Cadeira ergonomica,Moveis,2025-11-17,1,993.96,993.96
1934,224,Cadeira ergonomica,Moveis,2026-01-16,1,1019.33,1019.33
2918,346,Impressora multifuncional,Escritorio,2025-10-23,2,878.7,1757.4
295,37,Livro tecnico,Livros,2025-07-09,2,124.71,249.42
567,67,Livro tecnico,Livros,2026-05-02,2,120.3,240.6
3243,379,Notebook Gamer,Eletronicos,2026-04-04,2,4520.61,9041.22
1261,151,Webcam HD,Eletronicos,2026-03-04,1,186.67,186.67
1155,136,Oculos de sol,Acessorios,2026-07-18,3,154.05,462.15
853,96,Teclado mecanico,Eletronicos,2026-04-20,2,308.58,617.16
3576,419,Garrafa termica,Acessorios,2025-11-15,2,77.16,154.32
2822,336,Monitor 27pol,Eletronicos,2026-07-02,1,1376.01,1376.01
493,59,Livro infantil,Livros,2025-04-26,1,39.2,39.2
3233,378,Estante de livros,Moveis,2026-08-18,1,402.01,402.01
2938,349,Mochila executiva,Acessorios,2025-10-24,1,218.52,218.52
583,70,Cadeira ergonomica,Moveis,2026-02-22,3,946.49,2839.47
1725,200,Livro tecnico,Livros,2026-01-04,2,119.8,239.6
2525,299,Mesa para escritorio,Moveis,2026-04-07,1,608.42,608.42
3455,406,Cadeira ergonomica,Moveis,2025-12-31,3,949.68,2849.04
3336,391,Estante de livros,Moveis,2026-03-20,1,432.6,432.6
1812,209,Teclado mecanico,Eletronicos,2025-03-17,2,297.34,594.68
543,64,Organizador de mesa,Escritorio,2025-11-08,2,44.78,89.56
2031,235,Organizador de mesa,Escritorio,2025-10-23,2,45.47,90.94
2379,282,Luminaria de mesa,Moveis,2026-05-01,1,139.9,139.9
1974,230,Notebook Gamer,Eletronicos,2025-01-19,2,4184.38,8368.76
1367,161,Kit papelaria,Escritorio,2026-04-28,2,63.8,127.6
1146,136,Webcam HD,Eletronicos,2025-07-27,3,188.03,564.09
176,23,Livro infantil,Livros,2025-05-13,1,39.33,960.07
509,60,Teclado mecanico,Eletronicos,2026-07-17,3,303.96,911.88
2880,343,Impressora multifuncional,Escritorio,2026-01-24,1,935.89,935.89
1399,165,Livro de ficcao,Livros,2025-02-25,1,55.26,55.26
3236,378,Mochila executiva,Acessorios,2026-08-14,3,196.02,588.06
1360,160,Mouse sem fio,Eletronicos,2024-09-02,3,83.59,250.77
1522,179,Notebook Gamer,Eletronicos,2026-08-14,1,4274.71,4274.71
1041,122,Livro infantil,Livros,2026-03-09,3,41.87,125.61
2769,326,Kit papelaria,Escritorio,2026-04-29,2,61.17,122.34
2555,302,Kit papelaria,Escritorio,2026-01-14,1,67.3,67.3
2215,262,Garrafa termica,Acessorios,2026-06-16,1,75.22,75.22
1256,151,Luminaria de mesa,Moveis,2026-04-01,3,140.42,421.26
2337,277,Teclado mecanico,Eletronicos,2026-04-28,2,322.49,644.98
3556,417,Livro tecnico,Livros,2026-07-29,3,125.5,376.5
2837,337,Cadeira ergonomica,Moveis,2026-05-22,2,1055.64,2111.28
1413,167,Notebook Gamer,Eletronicos,2026-03-21,1,4113.71,4113.71
3150,371,Garrafa termica,Acessorios,2026-09-21,3,80.99,242.97
386,46,Livro tecnico,Livros,2026-05-30,1,111.41,111.41
2897,345,Livro tecnico,Livros,2025-12-27,2,127.07,254.14
3155,371,Teclado mecanico,Eletronicos,2026-08-15,1,342.64,342.64
2271,270,Teclado mecanico,Eletronicos,2024-07-11,2,308.72,617.44
1993,232,Oculos de sol,Acessorios,2026-07-14,2,172.78,345.56
1313,157,Teclado mecanico,Eletronicos,2026-02-24,1,310.54,310.54
56,7,Livro infantil,Livros,2026-01-24,1,39.15,749.77
2506,298,Teclado mecanico,Eletronicos,2025-10-06,2,319.34,638.68
401,47,Teclado mecanico,Eletronicos,2026-09-19,2,318.91,637.82
1816,210,Cadeira ergonomica,Moveis,2026-06-08,3,931.12,2793.36
113,15,Impressora multifuncional,Escritorio,2026-08-28,2,877.16,1754.32
376,45,Organizador de mesa,Escritorio,2025-10-21,3,43.16,129.48
1242,149,Impressora multifuncional,Escritorio,2025-12-15,1,901.46,901.46
382,45,Estante de livros,Moveis,2025-12-21,1,439.59,439.59
2825,336,Livro tecnico,Livros,2026-09-29,2,119.12,238.24
2229,264,Monitor 27pol,Eletronicos,2026-05-03,1,1256.17,1256.17
717,84,Mesa para escritorio,Moveis,2025-02-05,2,686.52,1373.04
761,88,Monitor 27pol,Eletronicos,2025-11-08,2,1346.0,2692.0
1448,171,Mouse sem fio,Eletronicos,2026-08-28,2,86.77,173.54
121,16,Mochila executiva,Acessorios,2026-09-05,3,225.98,677.94
1945,226,Estante de livros,Moveis,2026-06-01,3,440.48,1321.44
849,95,Livro de ficcao,Livros,2025-01-03,3,52.08,156.24
1768,205,Luminaria de mesa,Moveis,2026-01-02,2,148.71,297.42
2559,302,Organizador de mesa,Escritorio,2026-08-04,2,46.84,93.68
2808,333,Mouse sem fio,Eletronicos,2026-08-13,3,92.39,277.17
2399,286,Estante de livros,Moveis,2026-08-31,2,433.41,866.82
3392,398,Notebook Gamer,Eletronicos,2026-06-26,3,4525.18,13575.54
1450,171,Mochila executiva,Acessorios,2026-07-11,3,217.48,652.44
2169,255,Kit papelaria,Escritorio,2026-09-10,2,61.33,122.66
1748,203,Estante de livros,Moveis,2026-08-19,2,448.48,
1843,213,Garrafa termica,Acessorios,2025-02-27,1,74.69,74.69
204,26,Garrafa termica,Acessorios,2025-10-31,2,69.71,139.42
647,78,Livro de ficcao,Livros,2026-05-29,1,55.09,55.09
2122,247,Livro infantil,Livros,2026-03-28,2,40.98,81.96
745,87,Livro infantil,Livros,2025-07-29,1,40.94,40.94
3120,368,Monitor 27pol,Eletronicos,2025-08-13,2,1348.6,2697.2
3409,399,Webcam HD,Eletronicos,2026-04-28,1,177.03,177.03
572,69,Livro de ficcao,Livros,2025-12-21,1,53.35,53.35
728,85,Garrafa termica,Acessorios,2026-07-19,3,78.48,235.44
3310,386,Monitor 27pol,Eletronicos,2026-03-27,1,1298.63,1298.63
1206,144,Organizador de mesa,Escritorio,2024-08-27,2,43.44,86.88
473,56,Webcam HD,Eletronicos,2026-09-20,2,179.59,359.18
1527,180,Monitor 27pol,Eletronicos,2025-07-10,1,1421.48,1421.48
3005,359,Garrafa termica,Acessorios,2026-04-21,1,79.74,79.74
948,105,Livro tecnico,Livros,2025-05-19,2,115.4,230.8
507,60,Monitor 27pol,Eletronicos,2026-03-27,2,1311.47,2622.94
3438,405,Notebook Gamer,Eletronicos,2026-08-19,2,4398.71,8797.42
1267,151,Luminaria de mesa,Moveis,2026-01-10,2,153.35,306.7
199,26,Mochila executiva,Acessorios,2025-12-08,3,197.23,591.69
269,33,Estante de livros,Moveis,2026-02-05,2,388.8,777.6
1837,212,Mouse sem fio,Eletronicos,2026-01-20,2,83.42,166.84
3001,357,Livro tecnico,Livros,2026-08-04,2,126.08,252.16
2107,245,Livro infantil,Livros,2025-10-03,2,40.35,80.7
1472,173,Livro infantil,Livros,2026-05-14,1,41.35,41.35
1512,179,Organizador de mesa,Escritorio,2025-09-25,3,44.4,133.2
556,65,Livro de ficcao,Livros,2025-11-05,1,55.16,55.16
2034,236,Livro infantil,Livros,2026-02-19,2,39.87,79.74
2109,245,Kit papelaria,Escritorio,2025-05-29,3,69.69,209.07
2543,301,Teclado mecanico,Eletronicos,2026-06-25,2,339.42,678.84
174,23,Mesa para escritorio,Moveis,2025-07-27,2,601.01,
3453,406,Teclado mecanico,Eletronicos,2026-01-09,1,329.73,329.73
2934,348,Luminaria de mesa,Moveis,2025-10-16,3,155.2,465.6
1854,214,Luminaria de mesa,Moveis,2026-03-13,2,150.25,300.5
1498,178,Mochila executiva,Acessorios,2025-12-28,2,213.13,426.26
673,80,Webcam HD,Eletronicos,2025-06-11,2,167.19,334.38
1798,208,Cadeira ergonomica,Moveis,2026-08-05,3,928.11,2784.33
618,73,Mouse sem fio,Eletronicos,2025-02-25,1,93.37,93.37
234,29,Mochila executiva,Acessorios,2025-09-05,1,221.77,221.77
3320,388,Teclado mecanico,Eletronicos,2025-11-16,1,343.88,343.88
1960,228,Livro infantil,Livros,2026-09-08,1,42.35,42.35
1876,218,Luminaria de mesa,Moveis,2026-05-04,2,140.51,281.02
283,35,Cadeira ergonomica,Moveis,2026-06-11,3,995.08,2985.24
1749,203,Mochila executiva,Acessorios,2026-02-06,2,221.01,442.02
983,111,Mouse sem fio,Eletronicos,2025-11-08,2,95.89,191.78
2958,351,Kit papelaria,Escritorio,2025-07-10,1,59.99,59.99
2811,334,Webcam HD,Eletronicos,2024-12-23,3,190.51,571.53
3016,359,Oculos de sol,Acessorios,2026-04-21,1,153.28,153.28
1025,119,Notebook Gamer,Eletronicos,2026-07-11,3,3879.11,11637.33
588,71,Mouse sem fio,Eletronicos,2025-07-06,3,87.11,261.33
380,45,Livro de ficcao,Livros,2026-04-11,3,55.86,167.58
2744,323,Monitor 27pol,Eletronicos,2026-04-18,1,1420.03,1420.03
765,88,Mesa para escritorio,Moveis,2025-10-09,3,647.89,1943.67
466,56,Luminaria de mesa,Moveis,2025-04-24,2,150.7,301.4
3124,369,Teclado mecanico,Eletronicos,2026-08-13,2,335.88,671.76
503,59,Livro de ficcao,Livros,2025-12-16,2,58.7,117.4
533,63,Garrafa termica,Acessorios,2025-04-25,3,70.02,210.06
3357,393,Mochila executiva,Acessorios,2026-05-17,2,222.12,444.24
579,70,Cadeira ergonomica,Moveis,2025-04-21,3,1049.62,3148.86
1826,212,Impressora multifuncional,Escritorio,2025-07-09,2,831.18,1662.36
1187,140,Cadeira ergonomica,Moveis,2026-03-18,1,913.95,913.95
2180,258,Teclado mecanico,Eletronicos,2026-06-11,2,319.36,638.72
1241,149,Mesa para escritorio,Moveis,2025-08-08,3,644.09,1932.27
3394,398,Garrafa termica,Acessorios,2026-09-08,2,80.55,161.1
1786,207,Teclado mecanico,Eletronicos,2026-07-25,3,335.2,1005.6
1957,227,Cadeira ergonomica,Moveis,2026-03-05,3,1021.27,3063.81
1697,196,Estante de livros,Moveis,2026-03-07,1,441.22,441.22
1829,212,Notebook Gamer,Eletronicos,2024-11-11,1,3910.12,3910.12
2427,289,Luminaria de mesa,Moveis,2026-04-21,2,146.92,293.84
2761,325,Monitor 27pol,Eletronicos,2026-05-02,3,1353.3,4059.9
795,91,Oculos de sol,Acessorios,2026-04-18,1,150.34,150.34
3581,419,Oculos de sol,Acessorios,2026-01-06,2,163.36,326.72
2469,294,Estante de livros,Moveis,2026-05-21,2,389.21,778.42
2488,296,Cadeira ergonomica,Moveis,2026-07-03,2,1043.65,2087.3
3327,388,Mesa para escritorio,Moveis,2026-04-18,1,627.66,627.66
1764,205,Cadeira ergonomica,Moveis,2025-02-17,2,989.21,1978.42
792,90,Garrafa termica,Acessorios,2026-02-09,3,70.56,211.68
2757,323,Kit papelaria,Escritorio,2025-10-12,2,59.97,119.94
484,58,Mochila executiva,Acessorios,2026-07-13,3,206.02,618.06
90,12,Oculos de sol,Acessorios,2024-11-05,2,157.33,314.66
2831,337,Teclado mecanico,Eletronicos,2024-12-20,2,312.03,624.06
1208,145,Oculos de sol,Acessorios,2026-10-01,3,153.05,459.15
1333,158,Webcam HD,Eletronicos,2025-10-08,2,166.53,333.06
69,9,Livro de ficcao,Livros,2025-05-17,2,58.16,116.32
128,16,Livro de ficcao,Livros,2026-06-13,2,54.39,108.78
3182,374,Livro tecnico,Livros,2026-03-01,2,115.38,230.76
1817,210,Kit papelaria,Escritorio,2025-09-11,1,62.4,62.4
526,62,Teclado mecanico,Eletronicos,2025-10-16,3,312.08,936.24
92,12,Livro de ficcao,Livros,2025-11-10,2,55.07,110.14
365,43,Mesa para escritorio,Moveis,2025-11-16,1,644.12,644.12
132,17,Mochila executiva,Acessorios,2025-07-16,3,207.2,621.6
2775,327,Organizador de mesa,Escritorio,2025-09-17,2,44.38,88.76
553,65,Livro infantil,Livros,2025-03-17,1,40.61,40.61
3031,360,Oculos de sol,Acessorios,2025-01-18,2,167.19,334.38
1353,160,Monitor 27pol,Eletronicos,2025-02-04,1,1319.8,1319.8
2250,268,Cadeira ergonomica,Moveis,2026-07-14,1,1029.22,1029.22
1218,146,Mesa para escritorio,Moveis,2025-07-03,2,611.02,1222.04
1567,183,Webcam HD,Eletronicos,2025-10-16,2,171.06,342.12
1591,186,Livro infantil,Livros,2026-05-07,2,38.67,
1875,218,Garrafa termica,Acessorios,2026-07-18,1,79.57,79.57
518,62,Cadeira ergonomica,Moveis,2026-04-09,2,975.98,1951.96
686,81,Livro infantil,Livros,2026-07-26,1,41.15,41.15
1382,164,Livro infantil,Livros,2024-07-13,3,42.26,126.78
3095,367,Notebook Gamer,Eletronicos,2026-03-28,2,4477.87,8955.74
1177,139,Monitor 27pol,Eletronicos,2026-05-16,3,1256.89,3770.67
1274,152,Oculos de sol,Acessorios,2025-09-24,3,168.94,506.82
1517,179,Mochila executiva,Acessorios,2025-05-08,1,200.79,200.79
271,33,Mouse sem fio,Eletronicos,2026-05-03,3,88.23,264.69
2684,315,Garrafa termica,Acessorios,2026-03-13,1,78.13,78.13
787,90,Kit papelaria,Escritorio,2026-05-17,1,66.43,66.43
2163,254,Livro de ficcao,Livros,2025-10-23,2,52.53,105.06
2997,357,Notebook Gamer,Eletronicos,2026-07-14,1,4055.93,4055.93
3452,406,Webcam HD,Eletronicos,2025-07-15,2,165.85,331.7
2756,323,Cadeira ergonomica,Moveis,2026-02-05,2,924.6,1849.2
3582,419,Webcam HD,Eletronicos,2026-08-11,3,189.83,569.49
627,75,Mochila executiva,Acessorios,2026-06-01,3,207.87,623.61
1783,207,Kit papelaria,Escritorio,2026-03-16,2,69.52,139.04
2356,279,Webcam HD,Eletronicos,2026-09-09,1,180.12,180.12
3291,385,Organizador de mesa,Escritorio,2025-03-05,1,41.53,41.53
2046,237,Livro de ficcao,Livros,2026-01-20,1,56.24,56.24
12,2,Livro tecnico,Livros,2025-08-24,3,127.95,383.85
1230,147,Impressora multifuncional,Escritorio,2026-04-07,2,926.88,1853.76
1622,188,Livro infantil,Livros,2026-04-09,2,41.62,83.24
2790,329,Livro infantil,Livros,2026-09-27,3,39.66,118.98
251,30,Organizador de mesa,Escritorio,2025-08-12,1,42.98,42.98
3503,410,Mouse sem fio,Eletronicos,2026-03-29,3,88.62,265.86
2895,345,Kit papelaria,Escritorio,2026-07-23,3,68.56,205.68
766,88,Impressora multifuncional,Escritorio,2025-01-16,1,922.07,
3226,378,Monitor 27pol,Eletronicos,2026-09-23,3,1344.7,4034.1
586,71,Mesa para escritorio,Moveis,2026-08-22,2,657.53,1315.06
2095,244,Garrafa termica,Acessorios,2025-09-08,3,73.58,220.74
1023,119,Teclado mecanico,Eletronicos,2026-09-23,2,308.32,616.64
353,42,Mesa para escritorio,Moveis,2025-09-21,1,601.43,601.43
1526,180,Mesa para escritorio,Moveis,2026-09-19,3,656.03,1968.09
3171,373,Organizador de mesa,Escritorio,2026-01-12,1,46.06,46.06
3132,369,Webcam HD,Eletronicos,2026-09-11,2,171.69,343.38
2471,294,Kit papelaria,Escritorio,2026-03-04,2,60.98,121.96
3033,361,Mochila executiva,Acessorios,2026-04-14,3,194.75,584.25
2371,280,Kit papelaria,Escritorio,2026-08-24,2,62.56,125.12
2961,353,Luminaria de mesa,Moveis,2024-10-14,1,152.5,152.5
3416,400,Monitor 27pol,Eletronicos,2025-06-06,2,1315.46,2630.92
2705,318,Garrafa termica,Acessorios,2025-04-22,2,73.18,146.36
1545,181,Livro tecnico,Livros,2025-03-07,3,114.68,
2246,267,Mochila executiva,Acessorios,2024-11-07,2,214.89,429.78
1205,144,Livro infantil,Livros,2026-02-10,1,37.0,37.0
3080,365,Mochila executiva,Acessorios,2025-11-08,3,212.02,636.06
1455,172,Teclado mecanico,Eletronicos,2026-09-02,1,308.31,308.31
1216,145,Livro de ficcao,Livros,2025-05-01,2,57.37,114.74
2937,348,Monitor 27pol,Eletronicos,2026-03-09,2,1400.45,2800.9
1079,126,Mochila executiva,Acessorios,2025-08-03,3,223.13,669.39
2803,333,Livro tecnico,Livros,2026-07-05,2,119.77,239.54
1784,207,Livro tecnico,Livros,2026-04-30,2,111.59,223.18
448,54,Livro infantil,Livros,2025-07-14,2,39.46,78.92
2524,299,Livro tecnico,Livros,2025-04-26,3,125.18,375.54
2369,280,Cadeira ergonomica,Moveis,2026-09-11,2,1009.88,2019.76
2975,355,Estante de livros,Moveis,2026-03-09,3,388.32,1164.96
562,66,Luminaria de mesa,Moveis,2024-05-23,2,148.19,296.38
1506,178,Mouse sem fio,Eletronicos,2025-10-26,3,96.5,289.5
2509,298,Webcam HD,Eletronicos,2025-07-06,2,191.56,383.12
812,92,Organizador de mesa,Escritorio,2026-02-02,1,41.51,41.51
3439,405,Monitor 27pol,Eletronicos,2025-08-29,1,1319.55,1319.55
429,53,Garrafa termica,Acessorios,2026-01-10,3,77.06,231.18
1197,142,Teclado mecanico,Eletronicos,2025-02-14,2,336.8,673.6
2746,323,Mochila executiva,Acessorios,2026-03-02,2,201.36,402.72
2076,240,Monitor 27pol,Eletronicos,2026-01-19,3,1297.88,3893.64
3197,375,Mesa para escritorio,Moveis,2026-01-03,1,621.82,621.82
783,90,Teclado mecanico,Eletronicos,2026-07-17,3,314.67,944.01
480,58,Organizador de mesa,Escritorio,2026-07-13,2,43.32,86.64
2410,287,Livro de ficcao,Livros,2026-04-15,2,54.31,108.62
2977,355,Luminaria de mesa,Moveis,2025-12-31,1,144.87,144.87
1810,209,Livro de ficcao,Livros,2025-10-04,2,53.49,106.98
580,70,Estante de livros,Moveis,2025-01-14,2,418.38,836.76
704,82,Webcam HD,Eletronicos,2026-08-04,2,183.58,367.16
2729,321,Mochila executiva,Acessorios,2026-04-06,1,216.75,216.75
1123,132,Livro tecnico,Livros,2026-04-16,3,115.66,
2148,252,Teclado mecanico,Eletronicos,2026-06-26,2,303.75,607.5
1564,183,Mochila executiva,Acessorios,2025-10-19,3,200.97,602.91
1928,224,Garrafa termica,Acessorios,2026-01-05,3,78.25,234.75
2225,264,Livro infantil,Livros,2026-05-03,3,37.46,112.38
2364,280,Organizador de mesa,Escritorio,2026-02-27,1,44.42,44.42
421,52,Teclado mecanico,Eletronicos,2024-12-02,1,299.1,
1992,232,Oculos de sol,Acessorios,2026-08-18,2,150.46,300.92
625,74,Luminaria de mesa,Moveis,2025-02-10,1,153.98,153.98
656,79,Impressora multifuncional,Escritorio,2026-03-31,1,840.11,840.11
841,95,Organizador de mesa,Escritorio,2026-09-23,1,46.48,46.48
3144,370,Estante de livros,Moveis,2026-02-20,1,445.64,445.64
391,46,Livro tecnico,Livros,2024-10-09,2,119.25,238.5
619,73,Kit papelaria,Escritorio,2025-02-02,3,62.27,186.81
2028,235,Webcam HD,Eletronicos,2025-11-28,3,190.53,571.59
782,90,Kit papelaria,Escritorio,2025-12-05,1,62.25,62.25
266,33,Kit papelaria,Escritorio,2026-01-29,2,60.99,121.98
2426,288,Monitor 27pol,Eletronicos,2026-07-23,2,1407.45,2814.9
3148,370,Monitor 27pol,Eletronicos,2025-07-13,2,1391.0,2782.0
2108,245,Livro infantil,Livros,2026-03-15,2,38.48,76.96
2812,334,Livro de ficcao,Livros,2025-08-25,3,57.5,172.5
1019,118,Cadeira ergonomica,Moveis,2025-11-17,1,937.25,937.25
1348,159,Estante de livros,Moveis,2025-06-13,2,443.76,
2055,237,Teclado mecanico,Eletronicos,2025-02-23,3,339.28,1017.84
965,108,Luminaria de mesa,Moveis,2024-09-16,1,157.41,157.41
2726,321,Notebook Gamer,Eletronicos,2026-02-14,3,4489.51,13468.53
2275,271,Kit papelaria,Escritorio,2026-01-10,3,66.92,200.76
2838,337,Livro de ficcao,Livros,2026-05-03,1,57.03,57.03
2183,258,Monitor 27pol,Eletronicos,2025-11-16,1,1319.71,1319.71
848,95,Luminaria de mesa,Moveis,2025-01-24,1,138.52,138.52
2470,294,Mochila executiva,Acessorios,2025-11-14,1,218.99,218.99
15,2,Kit papelaria,Escritorio,2025-07-28,2,64.58,129.16
981,111,Notebook Gamer,Eletronicos,2025-07-10,3,3900.78,11702.34
2987,356,Livro tecnico,Livros,2025-06-16,3,117.18,351.54
2671,314,Livro de ficcao,Livros,2025-10-07,1,59.18,59.18
613,73,Estante de livros,Moveis,2025-06-15,2,386.73,773.46
1971,229,Webcam HD,Eletronicos,2026-03-18,3,185.6,556.8
3543,414,Estante de livros,Moveis,2026-02-19,3,447.84,1343.52
1644,190,Luminaria de mesa,Moveis,2025-09-01,3,141.41,424.23
396,46,Teclado mecanico,Eletronicos,2026-01-13,3,311.31,933.93
3232,378,Mochila executiva,Acessorios,2026-08-25,1,204.67,204.67
926,103,Monitor 27pol,Eletronicos,2025-10-27,1,1365.72,1365.72
2713,319,Mochila executiva,Acessorios,2026-03-22,3,205.02,615.06
454,55,Oculos de sol,Acessorios,2026-09-20,1,152.9,152.9
2553,302,Luminaria de mesa,Moveis,2026-07-04,1,157.59,157.59
958,107,Mouse sem fio,Eletronicos,2026-03-23,3,89.59,268.77
1732,200,Notebook Gamer,Eletronicos,2026-04-02,2,4411.79,8823.58
1523,179,Monitor 27pol,Eletronicos,2025-12-13,2,1279.27,2558.54
2478,295,Webcam HD,Eletronicos,2026-04-09,1,190.05,190.05
2360,280,Mouse sem fio,Eletronicos,2026-06-14,1,89.8,89.8
1247,150,Cadeira ergonomica,Moveis,2026-04-07,2,966.24,1932.48
2473,295,Teclado mecanico,Eletronicos,2024-10-20,1,312.3,312.3
11,2,Mouse sem fio,Eletronicos,2026-01-02,3,95.16,285.48
2827,337,Livro de ficcao,Livros,2026-03-31,3,54.6,163.8
652,79,Webcam HD,Eletronicos,2026-03-27,1,166.59,166.59
3161,372,Cadeira ergonomica,Moveis,2024-08-12,3,936.53,2809.59
987,112,Teclado mecanico,Eletronicos,2025-08-13,3,306.49,919.47
2342,278,Kit papelaria,Escritorio,2026-09-28,1,65.68,65.68
202,26,Garrafa termica,Acessorios,2026-01-19,1,77.98,77.98
1696,196,Notebook Gamer,Eletronicos,2025-04-25,3,4282.44,12847.32
3131,369,Livro tecnico,Livros,2026-07-03,2,120.4,240.8
3532,414,Mouse sem fio,Eletronicos,2025-08-14,3,85.52,256.56
637,77,Estante de livros,Moveis,2026-04-19,2,448.7,897.4
1853,214,Impressora multifuncional,Escritorio,2025-12-29,3,819.88,2459.64
1043,122,Mochila executiva,Acessorios,2025-12-13,2,196.98,393.96
3128,369,Monitor 27pol,Eletronicos,2026-08-17,3,1387.13,4161.39
2911,346,Notebook Gamer,Eletronicos,2025-11-17,3,4339.56,13018.68
459,55,Mesa para escritorio,Moveis,2026-07-24,2,686.12,1372.24
797,91,Mochila executiva,Acessorios,2026-03-04,2,201.69,403.38
1332,158,Cadeira ergonomica,Moveis,2025-09-09,2,951.28,1902.56
242,30,Livro de ficcao,Livros,2025-04-20,2,50.68,101.36
568,68,Notebook Gamer,Eletronicos,2024-11-02,3,4509.16,13527.48
3010,359,Livro infantil,Livros,2026-04-26,3,37.86,113.58
2374,281,Livro de ficcao,Livros,2026-04-18,3,53.58,160.74
1049,124,Livro infantil,Livros,2026-05-14,3,37.6,112.8
1510,178,Livro infantil,Livros,2026-01-29,3,38.1,114.3
1170,138,Monitor 27pol,Eletronicos,2025-12-31,2,1404.76,2809.52
406,47,Teclado mecanico,Eletronicos,2026-09-15,3,299.72,899.16
3276,384,Livro tecnico,Livros,2025-12-18,1,119.74,119.74
833,94,Oculos de sol,Acessorios,2026-06-03,2,166.03,332.06
1884,219,Mesa para escritorio,Moveis,2025-09-17,1,641.59,641.59
2138,251,Mesa para escritorio,Moveis,2026-03-15,1,604.17,604.17
331,40,Impressora multifuncional,Escritorio,2026-03-03,2,863.51,1727.02
1010,116,Cadeira ergonomica,Moveis,2025-09-02,1,1055.76,1055.76
2571,303,Mochila executiva,Acessorios,2026-09-12,2,221.14,442.28
2274,270,Garrafa termica,Acessorios,2024-09-07,3,78.53,235.59
932,104,Webcam HD,Eletronicos,2025-04-24,2,175.93,351.86
1870,217,Luminaria de mesa,Moveis,2026-06-01,2,138.92,277.84
3501,410,Mouse sem fio,Eletronicos,2026-04-11,2,94.27,188.54
2603,308,Monitor 27pol,Eletronicos,2025-08-16,1,1339.03,1339.03
2786,328,Impressora multifuncional,Escritorio,2025-11-20,1,920.05,920.05
2928,347,Mesa para escritorio,Moveis,2025-08-15,1,600.51,600.51
2179,257,Kit papelaria,Escritorio,2026-09-09,2,66.44,132.88
3365,394,Teclado mecanico,Eletronicos,2026-05-19,3,335.06,1005.18
86,11,Mochila executiva,Acessorios,2025-04-28,3,214.59,643.77
2123,247,Organizador de mesa,Escritorio,2025-09-27,2,47.18,94.36
2627,309,Impressora multifuncional,Escritorio,2026-08-28,1,945.2,945.2
1788,207,Livro tecnico,Livros,2026-02-15,2,128.39,256.78
1319,157,Livro infantil,Livros,2025-07-11,1,42.7,42.7
2619,309,Livro tecnico,Livros,2026-02-01,3,122.92,368.76
2876,342,Livro tecnico,Livros,2026-09-26,1,128.19,128.19
118,16,Notebook Gamer,Eletronicos,2026-01-22,1,4286.33,4286.33
2528,300,Livro de ficcao,Livros,2026-07-16,3,52.35,157.05
1515,179,Livro de ficcao,Livros,2026-08-29,2,58.2,116.4
1091,127,Teclado mecanico,Eletronicos,2025-10-30,1,308.73,308.73
716,84,Livro de ficcao,Livros,2025-05-02,1,53.8,53.8
1835,212,Notebook Gamer,Eletronicos,2025-04-05,2,4091.88,8183.76
655,79,Teclado mecanico,Eletronicos,2026-02-04,1,320.95,320.95
3106,367,Monitor 27pol,Eletronicos,2025-07-09,2,1407.69,2815.38
1528,180,Kit papelaria,Escritorio,2025-10-23,1,68.62,68.62
2849,338,Kit papelaria,Escritorio,2025-12-14,3,62.65,187.95
1351,159,Oculos de sol,Acessorios,2025-05-23,3,166.56,499.68
2144,252,Garrafa termica,Acessorios,2026-06-26,2,79.76,159.52
890,99,Garrafa termica,Acessorios,2025-11-05,3,77.09,231.27
1027,119,Webcam HD,Eletronicos,2026-09-07,1,173.7,173.7
1409,166,Mesa para escritorio,Moveis,2026-02-12,2,661.89,
335,40,Estante de livros,Moveis,2025-10-31,2,409.05,818.1
936,105,Webcam HD,Eletronicos,2026-03-25,1,167.89,167.89
3032,360,Mesa para escritorio,Moveis,2026-08-27,1,690.76,
2976,355,Organizador de mesa,Escritorio,2025-11-13,3,42.4,127.2
3321,388,Monitor 27pol,Eletronicos,2025-10-21,1,1342.28,1342.28
36,4,Oculos de sol,Acessorios,2026-05-01,2,147.72,295.44
2923,347,Livro infantil,Livros,2025-09-13,3,38.79,116.37
2793,331,Notebook Gamer,Eletronicos,2026-02-08,3,3991.19,11973.57
2537,300,Notebook Gamer,Eletronicos,2025-08-27,2,4153.24,8306.48
2101,245,Mouse sem fio,Eletronicos,2025-04-28,3,94.91,284.73
1691,196,Livro infantil,Livros,2025-04-13,1,39.53,39.53
2829,337,Estante de livros,Moveis,2024-12-19,3,402.07,1206.21
453,55,Webcam HD,Eletronicos,2026-07-03,2,175.1,350.2
1327,157,Livro de ficcao,Livros,2026-08-11,2,55.0,110.0
2390,284,Kit papelaria,Escritorio,2025-12-27,1,68.26,68.26
87,11,Livro infantil,Livros,2026-02-11,1,41.38,41.38
2130,249,Oculos de sol,Acessorios,2026-04-12,2,162.88,325.76
2080,240,Luminaria de mesa,Moveis,2026-07-02,3,140.42,421.26
938,105,Garrafa termica,Acessorios,2025-07-19,3,75.79,227.37
2824,336,Teclado mecanico,Eletronicos,2026-03-21,3,335.19,1005.57
672,80,Mesa para escritorio,Moveis,2025-01-16,1,643.97,643.97
67,9,Mochila executiva,Acessorios,2025-03-24,3,212.69,638.07
1733,200,Cadeira ergonomica,Moveis,2025-08-23,3,986.41,2959.23
2984,356,Livro tecnico,Livros,2025-11-03,2,111.92,223.84
1033,119,Organizador de mesa,Escritorio,2026-06-29,2,47.99,95.98
3173,373,Garrafa termica,Acessorios,2026-04-16,3,69.99,209.97
3442,405,Oculos de sol,Acessorios,2025-09-20,3,155.44,466.32
1066,126,Oculos de sol,Acessorios,2024-11-25,2,147.26,294.52
883,98,Livro infantil,Livros,2026-05-02,1,39.69,39.69
2305,274,Estante de livros,Moveis,2026-04-07,2,394.7,789.4
3371,395,Webcam HD,Eletronicos,2025-09-30,2,172.85,345.7
2962,353,Mouse sem fio,Eletronicos,2026-05-12,2,95.01,190.02
1220,146,Kit papelaria,Escritorio,2025-05-07,3,69.81,209.43
13,2,Luminaria de mesa,Moveis,2025-09-15,3,154.16,462.48
286,36,Mouse sem fio,Eletronicos,2026-08-13,1,88.39,88.39
743,87,Livro infantil,Livros,2025-04-10,3,41.81,125.43
1511,178,Impressora multifuncional,Escritorio,2026-04-03,2,900.68,1801.36
1670,193,Cadeira ergonomica,Moveis,2026-08-02,2,1007.03,2014.06
2328,276,Webcam HD,Eletronicos,2026-02-24,2,174.63,349.26
2682,315,Mesa para escritorio,Moveis,2026-01-16,2,688.86,1377.72
192,24,Kit papelaria,Escritorio,2026-03-08,1,69.8,69.8
3446,405,Oculos de sol,Acessorios,2026-01-06,1,167.35,167.35
2683,315,Mochila executiva,Acessorios,2026-09-16,2,198.33,396.66
2401,287,Impressora multifuncional,Escritorio,2026-04-19,2,838.29,1676.58
3165,372,Teclado mecanico,Eletronicos,2024-10-11,2,300.36,600.72
3498,410,Mesa para escritorio,Moveis,2026-08-13,1,630.83,630.83
1067,126,Mouse sem fio,Eletronicos,2025-03-18,2,96.58,193.16
148,19,Organizador de mesa,Escritorio,2024-10-02,2,42.23,84.46
3526,413,Garrafa termica,Acessorios,2025-08-11,3,77.83,233.49
1213,145,Teclado mecanico,Eletronicos,2024-08-14,2,328.12,656.24
2874,342,Mouse sem fio,Eletronicos,2026-09-13,1,92.14,92.14
2137,251,Luminaria de mesa,Moveis,2025-09-23,2,156.47,312.94
2814,335,Garrafa termica,Acessorios,2026-06-12,3,75.83,227.49
2689,317,Impressora multifuncional,Escritorio,2026-09-29,2,837.49,1674.98
1769,206,Garrafa termica,Acessorios,2026-07-05,3,79.59,238.77
3571,418,Livro tecnico,Livros,2025-08-13,1,110.59,110.59
2708,318,Mesa para escritorio,Moveis,2025-01-04,2,658.66,1317.32
1766,205,Oculos de sol,Acessorios,2025-01-22,1,160.31,160.31
3030,360,Oculos de sol,Acessorios,2026-04-24,3,172.36,517.08
856,96,Livro infantil,Livros,2026-04-09,3,37.62,112.86
3069,364,Organizador de mesa,Escritorio,2025-10-23,1,43.28,43.28
2074,240,Notebook Gamer,Eletronicos,2025-09-25,3,3936.01,11808.03
1879,218,Mochila executiva,Acessorios,2026-08-09,1,211.73,211.73
789,90,Mochila executiva,Acessorios,2026-02-09,3,220.2,660.6
1662,193,Mouse sem fio,Eletronicos,2026-08-13,2,86.69,173.38
727,85,Livro de ficcao,Livros,2025-12-13,1,53.52,53.52
2599,307,Livro de ficcao,Livros,2025-02-03,1,58.9,58.9
1140,134,Monitor 27pol,Eletronicos,2025-08-19,2,1404.72,2809.44
2583,305,Monitor 27pol,Eletronicos,2026-08-25,1,1264.18,1264.18
1352,159,Webcam HD,Eletronicos,2025-04-05,3,191.86,575.58
3068,364,Estante de livros,Moveis,2026-05-03,2,419.77,839.54
2672,314,Impressora multifuncional,Escritorio,2026-04-03,2,883.73,1767.46
1579,185,Notebook Gamer,Eletronicos,2026-02-15,3,4153.01,12459.03
2094,244,Luminaria de mesa,Moveis,2026-09-09,1,151.07,151.07
951,106,Livro tecnico,Livros,2026-08-18,2,119.45,238.9
1655,192,Webcam HD,Eletronicos,2026-09-01,3,183.25,549.75
2607,308,Garrafa termica,Acessorios,2025-12-11,1,75.34,75.34
2798,332,Mesa para escritorio,Moveis,2026-09-18,2,638.86,1277.72
2636,311,Mesa para escritorio,Moveis,2025-12-15,3,696.97,2090.91
2126,248,Kit papelaria,Escritorio,2026-04-22,2,64.31,128.62
3205,375,Garrafa termica,Acessorios,2026-09-13,2,80.09,160.18
1602,186,Luminaria de mesa,Moveis,2026-01-14,2,147.59,295.18
3328,388,Mesa para escritorio,Moveis,2026-02-19,1,677.44,677.44
1166,137,Impressora multifuncional,Escritorio,2026-04-06,3,875.26,64148.94
3140,370,Livro de ficcao,Livros,2026-02-07,3,58.4,175.2
1167,137,Livro infantil,Livros,2025-12-17,2,37.97,75.94
1298,154,Mochila executiva,Acessorios,2026-10-01,1,193.83,193.83
1349,159,Notebook Gamer,Eletronicos,2026-05-12,2,3925.36,7850.72
1780,207,Mouse sem fio,Eletronicos,2024-06-14,3,95.85,287.55
2503,297,Teclado mecanico,Eletronicos,2026-06-11,1,315.89,
2020,234,Garrafa termica,Acessorios,2025-09-30,1,78.18,78.18
3390,396,Kit papelaria,Escritorio,2025-12-23,2,59.87,119.74
189,24,Livro infantil,Livros,2025-05-18,2,41.37,
412,48,Notebook Gamer,Eletronicos,2026-06-07,2,4018.99,8037.98
3475,407,Garrafa termica,Acessorios,2025-02-26,2,72.78,145.56
336,41,Mochila executiva,Acessorios,2026-06-15,1,225.3,225.3
474,56,Webcam HD,Eletronicos,2025-10-09,1,191.77,191.77
924,102,Notebook Gamer,Eletronicos,2026-04-18,3,4410.77,13232.31
1286,153,Cadeira ergonomica,Moveis,2025-08-18,2,1044.06,2088.12
1905,221,Cadeira ergonomica,Moveis,2026-09-30,1,914.4,914.4
946,105,Webcam HD,Eletronicos,2025-07-15,2,176.9,353.8
1904,221,Livro de ficcao,Livros,2026-07-14,3,55.48,166.44
2850,338,Oculos de sol,Acessorios,2026-04-07,3,165.81,497.43
1701,197,Teclado mecanico,Eletronicos,2025-05-25,3,338.77,1016.31
2642,311,Monitor 27pol,Eletronicos,2026-04-19,2,1296.28,2592.56
1686,196,Estante de livros,Moveis,2026-02-07,1,412.6,412.6
1072,126,Organizador de mesa,Escritorio,2026-04-16,2,47.89,95.78
2334,276,Luminaria de mesa,Moveis,2026-05-02,3,141.69,425.07
1434,168,Monitor 27pol,Eletronicos,2026-01-22,2,1392.56,2785.12
1322,157,Luminaria de mesa,Moveis,2026-03-08,1,154.55,154.55
1648,190,Mesa para escritorio,Moveis,2024-12-07,2,622.7,1245.4
2773,327,Teclado mecanico,Eletronicos,2026-06-20,3,342.74,1028.22
3451,405,Organizador de mesa,Escritorio,2026-01-28,1,41.47,41.47
2531,300,Monitor 27pol,Eletronicos,2026-05-05,2,1433.88,2867.76
2396,285,Luminaria de mesa,Moveis,2025-12-12,1,148.77,148.77
2479,295,Teclado mecanico,Eletronicos,2025-06-06,1,338.99,338.99
1364,160,Estante de livros,Moveis,2024-12-11,3,439.56,1318.68
3270,384,Livro tecnico,Livros,2026-02-27,1,126.56,126.56
276,34,Monitor 27pol,Eletronicos,2025-12-09,2,1275.82,2551.64
123,16,Oculos de sol,Acessorios,2026-02-04,2,158.08,316.16
2943,350,Organizador de mesa,Escritorio,2025-12-13,3,44.07,
338,41,Monitor 27pol,Eletronicos,2026-03-29,3,1338.5,4015.5
3065,363,Teclado mecanico,Eletronicos,2025-05-13,1,317.68,317.68
255,31,Livro tecnico,Livros,2025-09-23,2,121.14,242.28
392,46,Garrafa termica,Acessorios,2026-06-15,1,69.88,69.88
82,10,Livro infantil,Livros,2026-05-04,3,37.46,112.38
3484,408,Cadeira ergonomica,Moveis,2026-04-02,1,953.87,953.87
1165,137,Livro infantil,Livros,2026-01-06,3,37.34,112.02
1478,173,Garrafa termica,Acessorios,2026-03-12,2,72.76,145.52
1479,173,Garrafa termica,Acessorios,2026-03-10,3,78.96,236.88
2661,312,Garrafa termica,Acessorios,2025-11-06,3,69.78,209.34
536,64,Mouse sem fio,Eletronicos,2026-01-07,1,85.3,85.3
1444,170,Notebook Gamer,Eletronicos,2025-09-01,2,3877.27,7754.54
880,97,Organizador de mesa,Escritorio,2025-11-12,3,43.69,131.07
2331,276,Monitor 27pol,Eletronicos,2026-03-31,2,1292.21,2584.42
2540,301,Monitor 27pol,Eletronicos,2026-06-25,2,1405.75,2811.5
2728,321,Mesa para escritorio,Moveis,2026-09-12,3,683.74,2051.22
788,90,Oculos de sol,Acessorios,2026-01-27,3,147.93,443.79
2348,278,Kit papelaria,Escritorio,2026-03-03,3,67.89,203.67
2495,296,Webcam HD,Eletronicos,2026-05-07,2,182.7,365.4
327,40,Mesa para escritorio,Moveis,2026-02-16,3,678.88,2036.64
2733,321,Monitor 27pol,Eletronicos,2025-08-09,2,1352.49,2704.98
2388,284,Monitor 27pol,Eletronicos,2025-07-07,1,1269.27,1269.27
1361,160,Cadeira ergonomica,Moveis,2026-09-30,2,953.0,1906.0
3269,384,Estante de livros,Moveis,2026-01-26,2,420.68,841.36
2086,242,Cadeira ergonomica,Moveis,2024-11-18,1,910.99,910.99
367,43,Cadeira ergonomica,Moveis,2026-07-09,3,909.43,2728.29
173,23,Teclado mecanico,Eletronicos,2025-07-13,3,335.55,1006.65
3480,407,Mesa para escritorio,Moveis,2024-10-31,2,673.66,1347.32
2978,355,Estante de livros,Moveis,2026-04-05,2,413.62,827.24
1671,193,Livro tecnico,Livros,2026-03-15,3,127.02,381.06
2228,264,Impressora multifuncional,Escritorio,2026-05-03,3,941.49,2824.47
62,9,Oculos de sol,Acessorios,2026-05-11,2,164.99,329.98
2345,278,Teclado mecanico,Eletronicos,2025-08-27,2,308.44,616.88
2290,272,Livro de ficcao,Livros,2026-03-27,1,51.8,51.8
1406,166,Oculos de sol,Acessorios,2026-03-25,1,162.86,162.86
868,97,Notebook Gamer,Eletronicos,2025-09-17,2,3875.1,7750.2
1189,141,Cadeira ergonomica,Moveis,2026-07-06,3,911.13,2733.39
1310,156,Estante de livros,Moveis,2026-09-04,1,451.62,451.62
552,65,Impressora multifuncional,Escritorio,2025-07-31,1,835.66,835.66
363,43,Teclado mecanico,Eletronicos,2026-03-09,2,300.28,600.56
1152,136,Livro infantil,Livros,2025-03-20,3,40.39,
1121,132,Garrafa termica,Acessorios,2026-04-28,2,73.25,146.5
1911,222,Teclado mecanico,Eletronicos,2025-10-05,1,307.05,307.05
1236,148,Webcam HD,Eletronicos,2026-04-07,1,169.03,169.03
1050,124,Garrafa termica,Acessorios,2026-07-06,3,70.6,211.8
2375,281,Webcam HD,Eletronicos,2026-03-12,3,185.39,556.17
2662,313,Webcam HD,Eletronicos,2026-06-09,1,170.77,170.77
497,59,Notebook Gamer,Eletronicos,2026-06-16,1,4084.39,4084.39
1661,193,Mesa para escritorio,Moveis,2026-03-06,3,603.68,1811.04
3040,361,Organizador de mesa,Escritorio,2026-05-31,1,41.77,41.77
3341,392,Notebook Gamer,Eletronicos,2026-04-24,1,3870.58,3870.58
2960,353,Garrafa termica,Acessorios,2024-08-23,2,73.6,147.2
2871,341,Livro infantil,Livros,2026-04-13,3,37.21,111.63
2942,350,Webcam HD,Eletronicos,2025-08-16,1,179.08,179.08
323,40,Impressora multifuncional,Escritorio,2026-04-05,2,910.62,1821.24
817,92,Mochila executiva,Acessorios,2025-05-05,2,197.74,395.48
319,39,Notebook Gamer,Eletronicos,2025-12-20,3,4429.48,13288.44
268,33,Cadeira ergonomica,Moveis,2026-02-03,2,975.78,1951.56
2797,331,Oculos de sol,Acessorios,2025-08-23,1,152.51,152.51
3223,377,Organizador de mesa,Escritorio,2026-02-20,2,47.02,94.04
2498,297,Estante de livros,Moveis,2026-06-13,2,416.01,832.02
228,29,Cadeira ergonomica,Moveis,2025-12-20,3,926.66,2779.98
513,60,Livro de ficcao,Livros,2026-09-29,1,56.5,56.5
1215,145,Livro infantil,Livros,2025-03-19,2,41.37,82.74
1288,153,Cadeira ergonomica,Moveis,2025-11-17,1,1004.95,1004.95
900,100,Webcam HD,Eletronicos,2025-08-24,2,185.53,371.06
2293,273,Garrafa termica,Acessorios,2025-02-18,3,74.56,223.68
2669,313,Organizador de mesa,Escritorio,2026-01-27,3,46.82,140.46
1558,182,Organizador de mesa,Escritorio,2025-10-18,3,43.62,
2764,326,Mochila executiva,Acessorios,2026-03-29,2,216.43,432.86
3122,368,Garrafa termica,Acessorios,2025-09-27,3,71.82,215.46
2611,308,Livro tecnico,Livros,2025-07-05,2,123.2,246.4
780,90,Kit papelaria,Escritorio,2025-12-23,1,65.16,65.16
1005,116,Teclado mecanico,Eletronicos,2025-11-16,3,297.49,892.47
2619,309,Livro tecnico,Livros,2026-02-01,3,122.92,368.76
893,99,Webcam HD,Eletronicos,2026-01-05,1,186.72,186.72
2378,282,Livro tecnico,Livros,2026-04-26,2,112.73,225.46
3514,411,Livro de ficcao,Livros,2025-11-06,1,52.2,52.2
698,82,Estante de livros,Moveis,2026-09-29,2,406.14,812.28
807,91,Kit papelaria,Escritorio,2026-07-07,2,61.28,122.56
169,21,Organizador de mesa,Escritorio,2026-05-19,1,43.8,43.8
2045,236,Livro infantil,Livros,2026-01-15,3,42.75,128.25
2535,300,Notebook Gamer,Eletronicos,2025-09-03,2,4011.24,8022.48
2100,244,Livro infantil,Livros,2025-05-31,3,39.83,119.49
2143,252,Oculos de sol,Acessorios,2026-06-26,3,172.07,516.21
5,1,Garrafa termica,Acessorios,2025-11-27,2,79.1,158.2
1334,158,Teclado mecanico,Eletronicos,2025-02-27,3,305.41,916.23
925,102,Cadeira ergonomica,Moveis,2026-01-24,3,999.45,2998.35
299,37,Garrafa termica,Acessorios,2026-02-05,3,73.67,221.01
1106,130,Mochila executiva,Acessorios,2025-12-03,2,206.78,413.56
2527,299,Mouse sem fio,Eletronicos,2025-05-25,2,89.18,178.36
2737,322,Livro tecnico,Livros,2026-05-06,1,121.03,121.03
2282,272,Organizador de mesa,Escritorio,2026-03-23,1,47.21,47.21
2125,247,Impressora multifuncional,Escritorio,2026-05-08,2,951.94,1903.88
2189,259,Monitor 27pol,Eletronicos,2025-03-23,2,1247.52,2495.04
3335,390,Webcam HD,Eletronicos,2026-03-21,1,187.97,187.97
1675,194,Impressora multifuncional,Escritorio,2026-03-02,1,835.26,835.26
2347,278,Estante de livros,Moveis,2025-09-14,3,407.13,1221.39
8,1,Oculos de sol,Acessorios,2025-03-04,2,165.0,330.0
1675,194,Impressora multifuncional,Escritorio,2026-03-02,1,835.26,835.26
1231,147,Impressora multifuncional,Escritorio,2026-04-21,3,903.12,2709.36
705,83,Impressora multifuncional,Escritorio,2026-04-07,3,923.25,2769.75
2428,289,Cadeira ergonomica,Moveis,2026-04-11,2,1034.59,2069.18
3421,402,Webcam HD,Eletronicos,2026-08-07,1,166.36,166.36
1056,125,Mesa para escritorio,Moveis,2026-04-05,2,606.83,1213.66
1089,127,Livro tecnico,Livros,2025-10-10,2,115.14,230.28
2663,313,Webcam HD,Eletronicos,2026-06-23,3,191.76,575.28
2049,237,Kit papelaria,Escritorio,2025-11-16,3,66.05,198.15
748,87,Oculos de sol,Acessorios,2025-05-04,1,164.19,164.19
3251,380,Mouse sem fio,Eletronicos,2025-12-27,2,93.91,187.82
3256,380,Organizador de mesa,Escritorio,2026-01-06,3,42.07,126.21
830,94,Livro tecnico,Livros,2026-06-19,1,114.71,114.71
2694,317,Organizador de mesa,Escritorio,2025-09-23,1,43.34,43.34
1936,224,Mesa para escritorio,Moveis,2026-02-01,1,616.1,616.1
1164,137,Mochila executiva,Acessorios,2026-02-09,2,194.22,388.44
2065,238,Monitor 27pol,Eletronicos,2026-01-12,2,1285.48,2570.96
3389,396,Mochila executiva,Acessorios,2025-08-03,1,224.82,224.82
97,13,Teclado mecanico,Eletronicos,2026-06-04,1,325.79,325.79
2468,294,Livro infantil,Livros,2026-02-19,3,40.19,120.57
3422,402,Notebook Gamer,Eletronicos,2025-02-28,1,4241.92,4241.92
2217,263,Estante de livros,Moveis,2026-07-01,3,431.43,1294.29
3519,411,Teclado mecanico,Eletronicos,2026-04-12,1,332.84,332.84
752,87,Cadeira ergonomica,Moveis,2026-08-15,1,921.85,921.85
307,39,Teclado mecanico,Eletronicos,2026-03-10,2,306.22,612.44
564,66,Cadeira ergonomica,Moveis,2024-08-17,2,1014.61,2029.22
1703,197,Cadeira ergonomica,Moveis,2025-12-08,3,975.74,2927.22
3220,377,Livro infantil,Livros,2025-10-24,2,39.8,79.6
489,58,Mochila executiva,Acessorios,2026-07-13,3,206.8,620.4
2800,332,Livro tecnico,Livros,2026-09-21,1,122.39,122.39
1451,171,Livro de ficcao,Livros,2026-07-17,2,54.61,109.22
1594,186,Oculos de sol,Acessorios,2025-12-04,2,152.29,304.58
816,92,Webcam HD,Eletronicos,2025-03-06,3,165.82,497.46
2983,356,Livro de ficcao,Livros,2025-12-19,3,58.5,175.5
508,60,Notebook Gamer,Eletronicos,2026-02-04,1,4092.74,4092.74
1368,161,Livro de ficcao,Livros,2025-07-07,1,51.84,51.84
1144,134,Organizador de mesa,Escritorio,2024-10-21,1,44.19,44.19
1436,169,Oculos de sol,Acessorios,2026-07-05,1,148.36,148.36
957,107,Livro infantil,Livros,2026-05-18,2,39.75,79.5
3424,402,Oculos de sol,Acessorios,2026-07-18,2,166.21,332.42
2162,254,Organizador de mesa,Escritorio,2026-09-04,2,41.7,83.4
2097,244,Estante de livros,Moveis,2024-08-21,1,412.63,412.63
1660,193,Mochila executiva,Acessorios,2026-07-17,2,201.76,403.52
2745,323,Cadeira ergonomica,Moveis,2026-04-30,2,940.91,1881.82
2675,314,Mochila executiva,Acessorios,2025-11-24,3,196.0,588.0
1872,218,Webcam HD,Eletronicos,2026-08-25,1,192.13,192.13
2759,324,Organizador de mesa,Escritorio,2025-08-16,3,45.82,137.46
1713,197,Oculos de sol,Acessorios,2026-01-17,1,156.03,156.03
2010,233,Livro de ficcao,Livros,2026-07-15,3,55.92,167.76
3547,416,Livro infantil,Livros,2026-04-12,2,41.58,83.16
1680,195,Webcam HD,Eletronicos,2024-12-20,2,167.71,335.42
3087,366,Monitor 27pol,Eletronicos,2026-04-25,1,1294.09,1294.09
940,105,Luminaria de mesa,Moveis,2025-07-16,1,142.63,142.63
492,59,Livro infantil,Livros,2026-01-29,3,39.46,118.38
447,54,Estante de livros,Moveis,2026-03-03,2,444.29,888.58
1751,203,Mochila executiva,Acessorios,2025-12-31,2,195.79,391.58
2610,308,Livro de ficcao,Livros,2025-12-10,2,58.59,117.18
104,15,Mochila executiva,Acessorios,2025-01-25,2,201.76,403.52
2129,249,Notebook Gamer,Eletronicos,2026-09-21,2,4384.82,8769.64
1464,172,Kit papelaria,Escritorio,2025-12-22,1,62.31,62.31
2243,267,Oculos de sol,Acessorios,2026-06-17,3,153.26,459.78
3222,377,Webcam HD,Eletronicos,2026-02-27,1,182.09,182.09
207,26,Organizador de mesa,Escritorio,2026-02-16,2,41.89,83.78
510,60,Monitor 27pol,Eletronicos,2026-03-12,2,1379.5,2759.0
431,53,Luminaria de mesa,Moveis,2026-02-21,2,145.07,290.14
1994,232,Cadeira ergonomica,Moveis,2026-08-05,1,954.04,954.04
1548,182,Mochila executiva,Acessorios,2026-02-28,1,206.04,206.04
2899,345,Impressora multifuncional,Escritorio,2026-06-07,2,913.56,1827.12
1114,131,Organizador de mesa,Escritorio,2026-06-17,1,44.04,44.04
1669,193,Mouse sem fio,Eletronicos,2026-06-23,2,86.64,173.28
597,71,Mouse sem fio,Eletronicos,2026-01-04,2,95.61,191.22
3043,361,Oculos de sol,Acessorios,2026-04-26,3,159.56,478.68
2344,278,Teclado mecanico,Eletronicos,2025-04-29,3,307.16,921.48
516,62,Impressora multifuncional,Escritorio,2025-09-02,3,884.77,2654.31
1815,209,Monitor 27pol,Eletronicos,2026-03-10,1,1456.35,1456.35
224,28,Luminaria de mesa,Moveis,2026-02-09,2,141.26,282.52
1958,227,Teclado mecanico,Eletronicos,2026-03-26,2,295.4,590.8
1699,196,Mochila executiva,Acessorios,2025-03-22,2,203.93,407.86
1654,192,Livro de ficcao,Livros,2026-06-08,2,55.92,111.84
1590,186,Luminaria de mesa,Moveis,2025-08-02,1,159.37,159.37
3115,368,Mesa para escritorio,Moveis,2026-01-24,1,614.32,614.32
1791,207,Organizador de mesa,Escritorio,2025-06-17,2,42.78,85.56
906,100,Monitor 27pol,Eletronicos,2026-02-26,3,1439.29,4317.87
3213,377,Monitor 27pol,Eletronicos,2025-10-16,2,1439.5,2879.0
2475,295,Webcam HD,Eletronicos,2025-06-28,1,166.41,166.41
1445,170,Livro de ficcao,Livros,2025-03-20,2,52.62,105.24
3136,370,Kit papelaria,Escritorio,2025-12-07,3,68.89,206.67
1505,178,Impressora multifuncional,Escritorio,2026-04-27,3,873.52,2620.56
1329,158,Mochila executiva,Acessorios,2025-09-28,3,226.51,679.53
1481,174,Livro infantil,Livros,2026-07-10,3,42.38,127.14
697,82,Impressora multifuncional,Escritorio,2026-04-04,2,852.54,1705.08
3177,373,Monitor 27pol,Eletronicos,2026-01-15,1,1302.01,1302.01
794,90,Livro infantil,Livros,2026-08-03,1,39.72,39.72
3167,373,Estante de livros,Moveis,2026-04-12,2,444.24,888.48
506,59,Estante de livros,Moveis,2025-04-28,1,421.49,421.49
257,31,Livro infantil,Livros,2026-02-15,1,40.55,40.55
2760,325,Livro infantil,Livros,2026-05-03,3,43.07,129.21
2287,272,Livro de ficcao,Livros,2026-03-14,3,58.07,174.21
107,15,Estante de livros,Moveis,2025-03-28,1,441.94,441.94
1988,232,Organizador de mesa,Escritorio,2026-07-19,2,43.8,87.6
781,90,Livro tecnico,Livros,2025-12-18,2,113.14,226.28
2234,265,Mesa para escritorio,Moveis,2026-03-05,1,665.02,665.02
2519,299,Kit papelaria,Escritorio,2025-10-07,2,65.77,131.54
1058,125,Organizador de mesa,Escritorio,2026-03-21,3,45.6,136.8
1317,157,Livro infantil,Livros,2026-08-15,3,38.35,115.05
2674,314,Garrafa termica,Acessorios,2026-07-03,3,69.99,209.97
1572,183,Monitor 27pol,Eletronicos,2026-04-15,3,1356.15,4068.45
1039,121,Garrafa termica,Acessorios,2026-04-28,1,79.5,79.5
455,55,Garrafa termica,Acessorios,2026-07-10,3,76.96,230.88
1131,133,Monitor 27pol,Eletronicos,2026-07-18,1,1346.78,1346.78
1562,183,Mesa para escritorio,Moveis,2026-02-18,3,675.83,2027.49
3594,420,Impressora multifuncional,Escritorio,2025-05-01,3,872.29,2616.87
884,98,Luminaria de mesa,Moveis,2026-08-18,1,141.67,2515.84
190,24,Monitor 27pol,Eletronicos,2025-04-11,3,1255.07,3765.21
693,82,Organizador de mesa,Escritorio,2026-06-19,3,42.8,128.4
80,10,Webcam HD,Eletronicos,2026-05-04,1,175.7,175.7
495,59,Webcam HD,Eletronicos,2026-07-08,1,192.53,192.53
2731,321,Mochila executiva,Acessorios,2026-06-22,2,201.56,403.12
1417,167,Webcam HD,Eletronicos,2026-05-21,3,177.87,533.61
628,75,Oculos de sol,Acessorios,2026-05-27,2,166.87,333.74
3447,405,Cadeira ergonomica,Moveis,2026-05-15,2,907.26,1814.52
2236,265,Webcam HD,Eletronicos,2026-02-02,1,171.41,171.41
917,101,Livro de ficcao,Livros,2026-09-16,3,55.61,166.83
1440,170,Cadeira ergonomica,Moveis,2025-04-19,1,1048.63,1048.63
1299,154,Cadeira ergonomica,Moveis,2026-06-23,3,987.84,2963.52
3085,365,Garrafa termica,Acessorios,2026-02-20,2,72.47,
423,52,Webcam HD,Eletronicos,2024-09-24,2,173.31,346.62
3574,419,Mochila executiva,Acessorios,2025-01-04,3,211.32,633.96
2346,278,Livro de ficcao,Livros,2026-02-20,3,54.81,164.43
246,30,Livro tecnico,Livros,2025-10-30,2,125.11,250.22
3263,381,Impressora multifuncional,Escritorio,2026-05-01,3,895.83,2687.49
370,43,Estante de livros,Moveis,2024-12-22,3,396.61,1189.83
2843,338,Cadeira ergonomica,Moveis,2025-04-07,1,1015.74,1015.74
1265,151,Webcam HD,Eletronicos,2026-03-29,3,181.2,543.6
1632,189,Mochila executiva,Acessorios,2026-03-23,1,201.57,201.57
2518,299,Oculos de sol,Acessorios,2026-08-03,3,157.43,472.29
1234,147,Luminaria de mesa,Moveis,2026-04-09,1,161.44,161.44
3359,393,Kit papelaria,Escritorio,2026-04-27,1,62.51,62.51
985,112,Kit papelaria,Escritorio,2024-11-05,1,68.02,68.02
1984,231,Monitor 27pol,Eletronicos,2025-10-11,2,1317.63,2635.26
2245,267,Mesa para escritorio,Moveis,2025-01-15,2,678.73,1357.46
1867,216,Mouse sem fio,Eletronicos,2026-05-03,1,92.29,92.29
2397,285,Mesa para escritorio,Moveis,2026-03-10,1,657.04,657.04
2894,344,Cadeira ergonomica,Moveis,2026-04-21,3,1036.28,3108.84
892,99,Oculos de sol,Acessorios,2025-09-01,3,165.09,
791,90,Livro de ficcao,Livros,2026-06-22,3,57.67,173.01
832,94,Webcam HD,Eletronicos,2026-08-29,3,189.33,567.99
3119,368,Mochila executiva,Acessorios,2025-02-19,1,218.63,218.63
282,35,Impressora multifuncional,Escritorio,2026-04-07,3,928.56,2785.68
1153,136,Impressora multifuncional,Escritorio,2025-10-24,2,860.39,1720.78
3277,384,Impressora multifuncional,Escritorio,2025-12-09,1,835.53,835.53
111,15,Cadeira ergonomica,Moveis,2025-04-13,1,1005.31,1005.31
3123,369,Livro tecnico,Livros,2026-08-14,3,115.94,347.82
2664,313,Mochila executiva,Acessorios,2026-08-11,2,221.78,443.56
1702,197,Monitor 27pol,Eletronicos,2025-03-13,3,1291.27,3873.81
1907,221,Mesa para escritorio,Moveis,2026-07-09,2,684.22,
2261,269,Organizador de mesa,Escritorio,2026-08-15,3,43.94,131.82
2886,343,Oculos de sol,Acessorios,2025-12-15,1,154.3,154.3
1392,164,Luminaria de mesa,Moveis,2025-04-13,3,145.15,435.45
1681,195,Notebook Gamer,Eletronicos,2025-10-29,3,4504.64,13513.92
2434,289,Livro tecnico,Livros,2025-12-02,1,119.4,119.4
1636,190,Mochila executiva,Acessorios,2025-05-01,3,202.12,606.36
2485,295,Luminaria de mesa,Moveis,2025-03-15,3,159.38,478.14
3170,373,Mesa para escritorio,Moveis,2026-04-10,2,640.92,1281.84
535,63,Teclado mecanico,Eletronicos,2024-08-19,2,333.25,666.5
2641,311,Livro infantil,Livros,2026-04-06,1,37.11,37.11
891,99,Livro infantil,Livros,2025-01-31,2,40.52,81.04
1823,211,Livro infantil,Livros,2026-07-02,1,41.75,41.75
351,41,Luminaria de mesa,Moveis,2026-09-15,3,140.71,422.13
1920,223,Mouse sem fio,Eletronicos,2024-12-31,2,88.55,177.1
1560,183,Luminaria de mesa,Moveis,2026-02-11,2,146.54,293.08
512,60,Impressora multifuncional,Escritorio,2026-07-08,3,840.93,2522.79
38,4,Cadeira ergonomica,Moveis,2025-02-10,1,994.84,994.84
2885,343,Cadeira ergonomica,Moveis,2025-10-18,1,947.56,947.56
144,19,Livro de ficcao,Livros,2024-08-19,2,50.8,101.6
1412,166,Webcam HD,Eletronicos,2026-04-11,1,174.42,174.42
3172,373,Kit papelaria,Escritorio,2025-11-27,3,65.59,196.77
1452,171,Cadeira ergonomica,Moveis,2026-07-10,1,1058.18,1058.18
1781,207,Mouse sem fio,Eletronicos,2024-10-24,1,89.67,89.67
2338,277,Organizador de mesa,Escritorio,2025-10-14,2,46.79,93.58
2008,233,Webcam HD,Eletronicos,2026-07-15,1,188.33,188.33
2587,306,Estante de livros,Moveis,2025-06-14,1,411.14,411.14
1326,157,Teclado mecanico,Eletronicos,2026-08-09,2,301.72,603.44
3186,374,Webcam HD,Eletronicos,2026-04-16,3,190.03,570.09
488,58,Livro de ficcao,Livros,2026-07-13,3,57.4,172.2
3429,403,Garrafa termica,Acessorios,2025-06-11,2,73.34,146.68
2904,345,Luminaria de mesa,Moveis,2026-06-15,3,146.47,439.41
1085,127,Luminaria de mesa,Moveis,2025-12-04,3,150.54,451.62
592,71,Teclado mecanico,Eletronicos,2025-11-18,3,305.33,915.99
901,100,Notebook Gamer,Eletronicos,2026-05-11,2,3937.06,7874.12
961,108,Impressora multifuncional,Escritorio,2026-05-11,1,827.3,21465.3
3564,417,Livro de ficcao,Livros,2025-11-13,3,58.23,174.69
182,23,Mochila executiva,Acessorios,2025-07-04,1,215.83,215.83
3384,396,Mesa para escritorio,Moveis,2025-06-26,3,672.53,2017.59
1453,171,Mesa para escritorio,Moveis,2026-09-23,3,643.25,1929.75
683,81,Cadeira ergonomica,Moveis,2026-09-13,3,906.98,2720.94
3286,385,Cadeira ergonomica,Moveis,2025-12-07,2,1021.76,2043.52
3420,402,Livro de ficcao,Livros,2024-11-28,2,57.73,115.46
2888,343,Kit papelaria,Escritorio,2025-12-12,3,62.88,188.64
494,59,Monitor 27pol,Eletronicos,2025-04-09,3,1351.66,4054.98
3024,360,Livro de ficcao,Livros,2026-01-10,2,58.03,116.06
3569,418,Estante de livros,Moveis,2026-02-25,3,387.24,1161.72
1800,208,Livro tecnico,Livros,2026-05-17,2,128.0,256.0
170,22,Mochila executiva,Acessorios,2024-09-11,2,205.48,410.96
2004,233,Luminaria de mesa,Moveis,2026-07-15,3,149.0,447.0
1029,119,Estante de livros,Moveis,2025-12-15,1,446.65,446.65
1490,175,Mochila executiva,Acessorios,2026-09-21,1,205.53,205.53
733,86,Oculos de sol,Acessorios,2025-05-10,1,163.26,163.26
3370,394,Mouse sem fio,Eletronicos,2026-08-02,2,91.08,182.16
3146,370,Cadeira ergonomica,Moveis,2025-12-14,1,917.67,917.67
2106,245,Monitor 27pol,Eletronicos,2026-01-09,3,1299.23,3897.69
1718,198,Livro infantil,Livros,2026-02-28,1,39.0,39.0
845,95,Luminaria de mesa,Moveis,2025-12-21,1,161.75,161.75
1283,153,Livro de ficcao,Livros,2025-07-26,2,54.85,109.7
991,113,Mesa para escritorio,Moveis,2026-01-16,1,660.81,660.81
1877,218,Kit papelaria,Escritorio,2026-04-30,2,68.55,137.1
247,30,Cadeira ergonomica,Moveis,2025-05-10,1,1034.49,1034.49
1710,197,Kit papelaria,Escritorio,2026-04-05,1,60.89,60.89
55,7,Oculos de sol,Acessorios,2026-01-04,3,172.24,516.72
1839,213,Teclado mecanico,Eletronicos,2025-12-25,1,317.55,317.55
1191,141,Mesa para escritorio,Moveis,2025-07-08,3,664.66,1993.98
1276,152,Notebook Gamer,Eletronicos,2026-06-07,1,4291.21,4291.21
324,40,Impressora multifuncional,Escritorio,2025-10-27,1,889.58,889.58
1258,151,Garrafa termica,Acessorios,2025-07-01,1,71.32,71.32
1494,176,Livro infantil,Livros,2026-09-27,2,42.94,85.88
355,42,Livro infantil,Livros,2025-06-24,2,38.67,77.34
601,72,Monitor 27pol,Eletronicos,2025-09-03,2,1434.63,2869.26
990,113,Luminaria de mesa,Moveis,2025-12-29,1,144.87,144.87
2544,301,Notebook Gamer,Eletronicos,2026-06-25,1,4115.02,4115.02
573,69,Cadeira ergonomica,Moveis,2026-03-17,1,919.54,919.54
2159,253,Notebook Gamer,Eletronicos,2025-11-14,2,4002.46,8004.92
1789,207,Monitor 27pol,Eletronicos,2026-04-04,3,1403.96,4211.88
1801,209,Impressora multifuncional,Escritorio,2026-05-25,2,917.54,1835.08
1587,185,Luminaria de mesa,Moveis,2025-05-19,1,147.66,147.66
1285,153,Kit papelaria,Escritorio,2025-11-06,3,67.1,201.3
1222,147,Oculos de sol,Acessorios,2026-04-26,1,167.62,167.62
2258,269,Teclado mecanico,Eletronicos,2026-06-23,1,303.76,303.76
1841,213,Teclado mecanico,Eletronicos,2025-11-26,1,341.8,341.8
2818,335,Teclado mecanico,Eletronicos,2026-08-07,3,329.26,987.78
6,1,Luminaria de mesa,Moveis,2026-04-13,3,159.25,477.75
96,13,Mochila executiva,Acessorios,2026-06-10,2,194.53,389.06
2071,240,Mochila executiva,Acessorios,2026-05-12,2,203.38,406.76
2128,249,Teclado mecanico,Eletronicos,2025-10-12,3,333.58,1000.74
888,99,Mouse sem fio,Eletronicos,2025-09-26,1,85.47,85.47
643,78,Livro de ficcao,Livros,2026-05-29,1,53.26,53.26
1292,154,Teclado mecanico,Eletronicos,2025-09-11,1,305.6,
1590,186,Luminaria de mesa,Moveis,2025-08-02,1,159.37,159.37
3562,417,Luminaria de mesa,Moveis,2025-06-09,1,146.66,146.66
1532,180,Livro tecnico,Livros,2025-10-28,2,128.0,256.0
1985,231,Teclado mecanico,Eletronicos,2025-12-14,1,299.04,299.04
2887,343,Mouse sem fio,Eletronicos,2025-12-02,1,90.76,90.76
2050,237,Organizador de mesa,Escritorio,2025-09-13,3,44.38,133.14
3282,384,Livro tecnico,Livros,2026-03-10,1,118.46,118.46
350,41,Garrafa termica,Acessorios,2026-06-21,1,69.93,69.93
1535,180,Notebook Gamer,Eletronicos,2025-08-30,1,4391.43,67916.13
2285,272,Mochila executiva,Acessorios,2026-04-18,3,209.92,629.76
2836,337,Webcam HD,Eletronicos,2025-01-15,2,172.54,
1914,222,Webcam HD,Eletronicos,2025-09-27,1,172.52,172.52
2373,280,Organizador de mesa,Escritorio,2026-02-17,1,42.62,42.62
1667,193,Impressora multifuncional,Escritorio,2026-08-08,2,912.05,1824.1
75,10,Estante de livros,Moveis,2026-05-04,3,410.99,1232.97
3333,390,Notebook Gamer,Eletronicos,2025-04-07,2,4093.35,8186.7
1536,180,Organizador de mesa,Escritorio,2025-09-14,1,47.66,47.66
3218,377,Notebook Gamer,Eletronicos,2026-02-14,2,4081.66,8163.32
2085,241,Monitor 27pol,Eletronicos,2026-04-11,2,1291.42,2582.84
2104,245,Livro tecnico,Livros,2025-04-28,1,118.39,118.39
2160,253,Kit papelaria,Escritorio,2026-01-19,3,68.87,206.61
2409,287,Luminaria de mesa,Moveis,2026-04-01,1,142.23,142.23
2296,273,Mouse sem fio,Eletronicos,2026-01-01,3,88.45,265.35
201,26,Livro infantil,Livros,2025-11-20,2,39.84,79.68
854,96,Oculos de sol,Acessorios,2025-01-28,3,167.21,501.63
3369,394,Organizador de mesa,Escritorio,2025-11-02,2,45.54,91.08
2700,318,Cadeira ergonomica,Moveis,2026-04-25,2,962.97,1925.94
2878,343,Garrafa termica,Acessorios,2026-09-07,1,71.12,71.12
34,3,Cadeira ergonomica,Moveis,2025-10-07,3,939.99,2819.97
831,94,Kit papelaria,Escritorio,2026-04-21,3,69.22,207.66
3398,399,Cadeira ergonomica,Moveis,2026-03-16,2,1001.26,2002.52
2782,328,Luminaria de mesa,Moveis,2026-04-25,2,153.55,307.1
293,37,Garrafa termica,Acessorios,2025-02-18,3,73.55,220.65
30,3,Mouse sem fio,Eletronicos,2026-08-23,2,82.79,165.58
1899,221,Livro infantil,Livros,2026-03-31,1,41.22,41.22
200,26,Oculos de sol,Acessorios,2025-12-03,3,169.44,508.32
1075,126,Organizador de mesa,Escritorio,2025-10-11,1,44.49,44.49
1426,168,Livro de ficcao,Livros,2026-01-28,3,56.97,170.91
147,19,Notebook Gamer,Eletronicos,2026-08-15,2,4288.34,8576.68
1032,119,Organizador de mesa,Escritorio,2025-10-28,2,46.68,
2564,303,Organizador de mesa,Escritorio,2026-09-03,1,43.94,43.94
803,91,Kit papelaria,Escritorio,2025-11-28,1,62.43,62.43
1687,196,Organizador de mesa,Escritorio,2025-03-08,2,44.53,89.06
528,63,Livro tecnico,Livros,2025-04-15,1,120.97,120.97
2634,311,Luminaria de mesa,Moveis,2025-08-08,3,145.92,437.76
3440,405,Cadeira ergonomica,Moveis,2025-10-14,3,983.29,2949.87
2205,262,Mouse sem fio,Eletronicos,2025-08-22,3,88.15,264.45
1906,221,Organizador de mesa,Escritorio,2026-06-21,1,41.95,41.95
1414,167,Livro tecnico,Livros,2026-06-24,1,116.72,116.72
909,100,Mesa para escritorio,Moveis,2026-04-09,1,622.44,622.44
2070,240,Livro de ficcao,Livros,2025-12-23,2,58.15,116.3
3412,400,Estante de livros,Moveis,2026-04-04,3,395.65,1186.95
1266,151,Organizador de mesa,Escritorio,2025-12-07,2,47.44,94.88
2384,284,Organizador de mesa,Escritorio,2025-04-27,1,41.61,41.61
131,17,Mesa para escritorio,Moveis,2026-02-28,1,605.57,605.57
2242,267,Mochila executiva,Acessorios,2024-10-11,3,205.92,617.76
1813,209,Garrafa termica,Acessorios,2025-07-16,3,70.04,210.12
2512,298,Garrafa termica,Acessorios,2026-04-24,1,76.74,76.74
912,101,Luminaria de mesa,Moveis,2026-07-19,2,159.2,318.4
1454,171,Notebook Gamer,Eletronicos,2026-07-22,2,4021.91,8043.82
12,2,Livro tecnico,Livros,2025-08-24,3,127.95,383.85
988,113,Livro infantil,Livros,2025-02-15,2,39.4,78.8
1969,229,Cadeira ergonomica,Moveis,2026-06-17,1,1038.84,1038.84
1747,202,Luminaria de mesa,Moveis,2024-10-06,3,138.43,415.29
2244,267,Oculos de sol,Acessorios,2025-11-07,1,164.8,164.8
1323,157,Mouse sem fio,Eletronicos,2025-12-26,1,94.57,94.57
2204,262,Oculos de sol,Acessorios,2025-02-12,3,160.23,480.69
979,109,Estante de livros,Moveis,2026-03-23,2,452.02,
3361,394,Mesa para escritorio,Moveis,2026-01-06,1,678.3,678.3
3530,413,Livro tecnico,Livros,2026-07-18,3,121.37,364.11
1181,140,Monitor 27pol,Eletronicos,2026-01-07,3,1302.47,3907.41
2413,287,Teclado mecanico,Eletronicos,2026-03-31,3,304.56,913.68
623,73,Mouse sem fio,Eletronicos,2025-07-31,2,94.15,188.3
1246,149,Cadeira ergonomica,Moveis,2026-03-19,3,1010.96,3032.88
809,91,Luminaria de mesa,Moveis,2025-09-22,1,158.82,158.82
654,79,Impressora multifuncional,Escritorio,2025-12-18,3,901.02,2703.06
2022,234,Webcam HD,Eletronicos,2025-03-29,1,180.48,180.48
3071,364,Livro infantil,Livros,2025-05-26,3,42.52,127.56
37,4,Kit papelaria,Escritorio,2025-10-19,3,67.31,201.93
1900,221,Mochila executiva,Acessorios,2026-06-03,1,218.88,218.88
684,81,Webcam HD,Eletronicos,2026-07-06,3,183.37,550.11
1822,211,Notebook Gamer,Eletronicos,2025-10-02,2,4062.65,8125.3
1145,135,Garrafa termica,Acessorios,2025-10-31,2,71.35,142.7
1635,190,Mesa para escritorio,Moveis,2025-08-31,1,655.25,655.25
385,45,Livro tecnico,Livros,2026-01-25,2,124.63,249.26
357,42,Notebook Gamer,Eletronicos,2026-07-18,3,3931.16,11793.48
1446,170,Mochila executiva,Acessorios,2026-04-15,2,193.39,386.78
306,39,Luminaria de mesa,Moveis,2025-12-11,3,160.82,482.46
291,37,Mouse sem fio,Eletronicos,2025-07-16,1,95.77,95.77
2233,265,Garrafa termica,Acessorios,2026-03-09,1,69.57,69.57
2732,321,Monitor 27pol,Eletronicos,2026-06-16,1,1371.58,1371.58
1952,227,Livro tecnico,Livros,2025-09-11,1,115.42,115.42
1954,227,Oculos de sol,Acessorios,2026-03-10,2,152.99,305.98
3541,414,Mouse sem fio,Eletronicos,2026-01-03,2,88.54,177.08
496,59,Teclado mecanico,Eletronicos,2025-12-31,3,318.88,956.64
679,80,Impressora multifuncional,Escritorio,2025-11-17,3,951.71,2855.13
2459,293,Monitor 27pol,Eletronicos,2026-07-02,1,1284.47,1284.47
852,96,Estante de livros,Moveis,2025-09-26,2,390.42,780.84
1998,232,Organizador de mesa,Escritorio,2026-05-09,1,41.6,41.6
2192,259,Webcam HD,Eletronicos,2026-03-09,1,169.93,169.93
1898,221,Livro tecnico,Livros,2026-05-13,3,129.06,387.18
1325,157,Livro de ficcao,Livros,2025-09-12,1,50.78,50.78
1682,195,Livro infantil,Livros,2025-07-24,2,41.87,83.74
1563,183,Webcam HD,Eletronicos,2025-11-22,2,175.39,350.78
870,97,Estante de livros,Moveis,2025-11-15,1,407.7,407.7
2704,318,Luminaria de mesa,Moveis,2025-07-23,3,140.53,421.59
155,20,Teclado mecanico,Eletronicos,2026-09-24,1,300.27,300.27
1157,136,Livro infantil,Livros,2025-03-18,1,40.84,40.84
165,21,Estante de livros,Moveis,2026-01-26,1,429.58,429.58
2497,297,Livro de ficcao,Livros,2025-09-06,1,52.47,52.47
23,2,Webcam HD,Eletronicos,2025-10-13,2,171.38,342.76
691,82,Oculos de sol,Acessorios,2026-04-16,1,167.55,167.55
726,85,Mouse sem fio,Eletronicos,2025-08-21,1,86.46,86.46
2145,252,Monitor 27pol,Eletronicos,2026-06-26,1,1304.74,1304.74
2624,309,Mouse sem fio,Eletronicos,2025-08-19,2,87.84,175.68
3372,395,Kit papelaria,Escritorio,2026-03-11,3,62.07,186.21
2032,235,Notebook Gamer,Eletronicos,2025-12-13,3,4416.97,13250.91
3050,362,Webcam HD,Eletronicos,2026-06-04,1,183.58,183.58
645,78,Garrafa termica,Acessorios,2026-05-29,3,71.4,214.2
762,88,Oculos de sol,Acessorios,2025-03-31,2,156.48,312.96
19,2,Impressora multifuncional,Escritorio,2026-04-27,1,828.7,828.7
1040,122,Webcam HD,Eletronicos,2025-11-10,2,191.24,382.48
2964,353,Mouse sem fio,Eletronicos,2025-04-21,3,83.81,251.43
809,91,Luminaria de mesa,Moveis,2025-09-22,1,158.82,158.82
1201,142,Notebook Gamer,Eletronicos,2025-08-05,2,3870.04,7740.08
2940,349,Kit papelaria,Escritorio,2025-03-31,2,62.84,125.68
1060,125,Cadeira ergonomica,Moveis,2026-04-07,2,928.88,1857.76
899,100,Oculos de sol,Acessorios,2026-02-20,3,151.67,455.01
2394,285,Monitor 27pol,Eletronicos,2026-02-08,1,1367.39,1367.39
2992,357,Teclado mecanico,Eletronicos,2026-09-09,1,318.45,318.45
314,39,Oculos de sol,Acessorios,2025-07-05,1,157.91,157.91
1365,160,Cadeira ergonomica,Moveis,2026-06-13,1,1023.39,1023.39
3587,420,Livro de ficcao,Livros,2026-05-31,2,53.84,107.68
3318,387,Luminaria de mesa,Moveis,2026-05-03,1,150.48,150.48
2438,290,Luminaria de mesa,Moveis,2025-10-06,1,148.85,148.85
3048,362,Garrafa termica,Acessorios,2026-09-29,3,80.31,240.93
400,47,Monitor 27pol,Eletronicos,2025-11-12,3,1242.72,3728.16
2947,351,Mouse sem fio,Eletronicos,2024-12-31,3,85.19,255.57
1342,159,Oculos de sol,Acessorios,2025-03-30,3,150.76,452.28
1775,206,Impressora multifuncional,Escritorio,2026-07-05,1,925.1,925.1
1411,166,Livro de ficcao,Livros,2026-01-30,1,50.91,50.91
872,97,Organizador de mesa,Escritorio,2026-04-19,1,46.88,46.88
1374,163,Livro tecnico,Livros,2025-11-05,1,118.09,118.09
1756,204,Impressora multifuncional,Escritorio,2026-09-13,3,842.48,2527.44
3368,394,Oculos de sol,Acessorios,2026-01-03,1,147.54,147.54
2693,317,Impressora multifuncional,Escritorio,2026-06-26,1,913.2,913.2
2654,312,Garrafa termica,Acessorios,2026-04-29,2,72.97,145.94
1808,209,Impressora multifuncional,Escritorio,2025-07-18,2,848.53,1697.06
3203,375,Livro de ficcao,Livros,2025-01-16,2,51.51,103.02
1045,122,Notebook Gamer,Eletronicos,2026-01-30,2,4231.22,8462.44
2933,347,Livro tecnico,Livros,2025-08-16,3,129.0,387.0
2621,309,Webcam HD,Eletronicos,2026-03-19,2,188.78,377.56
2291,272,Kit papelaria,Escritorio,2026-03-17,1,65.93,65.93
2912,346,Luminaria de mesa,Moveis,2025-07-20,1,147.12,147.12
1652,191,Luminaria de mesa,Moveis,2025-12-28,2,159.3,318.6
2127,249,Livro de ficcao,Livros,2026-06-21,3,55.44,166.32
3168,373,Oculos de sol,Acessorios,2026-04-01,3,150.56,451.68
1339,159,Webcam HD,Eletronicos,2026-03-13,1,176.84,176.84
2616,309,Kit papelaria,Escritorio,2025-12-23,1,64.33,64.33
2902,345,Livro de ficcao,Livros,2026-04-03,2,57.76,115.52
3488,409,Estante de livros,Moveis,2025-06-10,2,451.97,903.94
1830,212,Estante de livros,Moveis,2024-12-10,1,399.41,399.41
1862,216,Kit papelaria,Escritorio,2026-04-09,3,61.63,184.89
1883,219,Teclado mecanico,Eletronicos,2026-06-16,2,320.36,640.72
2299,273,Garrafa termica,Acessorios,2026-02-07,1,73.92,73.92
2907,345,Livro de ficcao,Livros,2025-09-17,2,50.78,101.56
2449,292,Teclado mecanico,Eletronicos,2025-05-10,2,302.16,604.32
483,58,Cadeira ergonomica,Moveis,2026-07-13,2,983.69,1967.38
2226,264,Oculos de sol,Acessorios,2026-05-03,2,166.4,332.8
21,2,Notebook Gamer,Eletronicos,2025-12-21,1,4192.97,4192.97
2155,253,Livro de ficcao,Livros,2026-09-25,3,50.9,152.7
478,58,Webcam HD,Eletronicos,2026-07-13,1,175.97,175.97
501,59,Livro de ficcao,Livros,2026-04-01,1,50.61,50.61
3565,417,Organizador de mesa,Escritorio,2026-05-18,2,43.12,86.24
2211,262,Impressora multifuncional,Escritorio,2025-11-15,1,937.95,937.95
1385,164,Cadeira ergonomica,Moveis,2026-09-17,2,977.32,1954.64
2765,326,Mochila executiva,Acessorios,2026-04-26,2,219.76,439.52
1082,127,Livro tecnico,Livros,2026-06-01,3,128.81,386.43
1794,208,Mouse sem fio,Eletronicos,2026-05-22,3,92.41,277.23
3382,396,Monitor 27pol,Eletronicos,2026-03-24,3,1295.69,3887.07
515,61,Monitor 27pol,Eletronicos,2026-08-24,1,1310.03,1310.03
2858,339,Kit papelaria,Escritorio,2025-12-07,2,67.16,134.32
1020,118,Garrafa termica,Acessorios,2024-12-10,2,70.4,140.8
674,80,Estante de livros,Moveis,2024-08-15,1,453.34,453.34
239,29,Impressora multifuncional,Escritorio,2025-10-19,1,869.85,869.85
1665,193,Mesa para escritorio,Moveis,2026-07-01,3,679.9,2039.7
1370,161,Cadeira ergonomica,Moveis,2025-09-17,1,985.12,985.12
3159,372,Mouse sem fio,Eletronicos,2024-09-19,2,95.01,190.02
646,78,Livro de ficcao,Livros,2026-05-29,3,52.13,156.39
16,2,Impressora multifuncional,Escritorio,2026-02-17,1,856.66,856.66
2766,326,Luminaria de mesa,Moveis,2026-03-30,2,155.44,310.88
2623,309,Mouse sem fio,Eletronicos,2026-06-17,2,94.26,188.52
3309,386,Cadeira ergonomica,Moveis,2026-01-29,2,942.7,1885.4
667,80,Teclado mecanico,Eletronicos,2026-01-05,2,301.29,602.58
2467,294,Kit papelaria,Escritorio,2026-04-06,2,64.32,128.64
3568,418,Estante de livros,Moveis,2025-09-09,3,396.66,1189.98
3264,381,Livro infantil,Livros,2026-05-02,3,41.34,124.02
74,9,Teclado mecanico,Eletronicos,2025-06-03,3,300.75,902.25
729,85,Garrafa termica,Acessorios,2026-08-02,3,80.74,242.22
1582,185,Oculos de sol,Acessorios,2025-05-16,3,158.31,474.93
2174,256,Garrafa termica,Acessorios,2026-05-01,1,76.36,76.36
585,71,Livro tecnico,Livros,2025-07-13,1,114.76,114.76
369,43,Livro tecnico,Livros,2026-09-21,2,128.0,256.0
1427,168,Livro tecnico,Livros,2026-04-27,1,121.75,121.75
1693,196,Impressora multifuncional,Escritorio,2024-07-04,1,878.22,878.22
1172,138,Livro de ficcao,Livros,2025-08-23,2,53.9,107.8
2576,304,Livro de ficcao,Livros,2025-02-03,3,52.22,156.66
1610,187,Impressora multifuncional,Escritorio,2026-02-02,1,819.93,819.93
2254,268,Organizador de mesa,Escritorio,2026-07-14,3,46.2,138.6
2450,292,Garrafa termica,Acessorios,2024-07-09,2,79.71,159.42
450,54,Oculos de sol,Acessorios,2025-05-25,1,150.0,150.0
975,109,Monitor 27pol,Eletronicos,2026-05-02,3,1414.64,4243.92
806,91,Livro tecnico,Livros,2026-01-08,1,110.79,110.79
1379,164,Oculos de sol,Acessorios,2024-09-30,3,153.42,460.26
3578,419,Kit papelaria,Escritorio,2025-08-04,3,60.92,182.76
1502,178,Livro tecnico,Livros,2026-03-15,3,126.81,380.43
615,73,Notebook Gamer,Eletronicos,2025-01-08,1,4001.94,4001.94
117,16,Webcam HD,Eletronicos,2026-01-14,1,190.26,190.26
1253,151,Organizador de mesa,Escritorio,2025-01-27,3,47.97,143.91
971,108,Organizador de mesa,Escritorio,2025-01-06,1,43.96,43.96
1529,180,Teclado mecanico,Eletronicos,2025-04-15,3,338.98,1016.94
3052,362,Estante de livros,Moveis,2026-08-18,3,437.65,1312.95
2084,241,Kit papelaria,Escritorio,2026-04-30,2,64.06,128.12
3037,361,Mochila executiva,Acessorios,2026-08-25,2,193.59,387.18
3061,363,Impressora multifuncional,Escritorio,2026-05-11,3,911.95,2735.85
3499,410,Monitor 27pol,Eletronicos,2025-11-29,3,1288.84,3866.52
1190,141,Notebook Gamer,Eletronicos,2025-12-19,2,3911.26,7822.52
217,27,Webcam HD,Eletronicos,2025-10-21,2,168.16,336.32
2695,317,Estante de livros,Moveis,2025-05-20,1,407.86,407.86
3388,396,Notebook Gamer,Eletronicos,2025-11-18,3,4006.1,12018.3
3404,399,Luminaria de mesa,Moveis,2026-03-13,1,144.85,144.85
778,89,Kit papelaria,Escritorio,2025-08-30,1,65.18,65.18
3066,363,Livro tecnico,Livros,2026-03-18,2,119.31,238.62
1115,131,Monitor 27pol,Eletronicos,2026-07-27,3,1363.75,4091.25
1473,173,Estante de livros,Moveis,2025-08-01,1,416.38,416.38
530,63,Luminaria de mesa,Moveis,2026-01-28,2,147.75,295.5
222,28,Kit papelaria,Escritorio,2025-11-29,1,62.99,62.99
2508,298,Estante de livros,Moveis,2024-11-27,1,387.38,387.38
3057,362,Estante de livros,Moveis,2026-06-12,1,396.47,396.47
2921,346,Monitor 27pol,Eletronicos,2025-09-24,3,1387.8,4163.4
3395,398,Mochila executiva,Acessorios,2026-09-18,3,208.43,625.29
629,75,Luminaria de mesa,Moveis,2026-07-22,3,151.43,454.29
2141,251,Kit papelaria,Escritorio,2026-01-01,1,66.08,66.08
649,78,Livro tecnico,Livros,2026-05-29,2,119.44,238.88
960,107,Livro infantil,Livros,2026-02-24,1,39.38,39.38
1179,140,Mesa para escritorio,Moveis,2025-12-01,3,673.13,2019.39
642,78,Organizador de mesa,Escritorio,2026-05-29,2,44.4,88.8
3306,386,Livro tecnico,Livros,2026-04-22,3,117.05,351.15
301,37,Impressora multifuncional,Escritorio,2026-06-26,1,835.96,835.96
1912,222,Webcam HD,Eletronicos,2025-10-27,1,167.44,167.44
1290,153,Estante de livros,Moveis,2025-05-12,1,449.89,449.89
2021,234,Organizador de mesa,Escritorio,2026-02-22,1,42.68,42.68
1840,213,Mochila executiva,Acessorios,2025-05-12,2,210.38,420.76
1239,149,Luminaria de mesa,Moveis,2025-10-09,2,151.15,302.3
1933,224,Livro tecnico,Livros,2026-01-20,1,126.56,126.56
2174,256,Garrafa termica,Acessorios,2026-05-01,1,76.36,76.36
3217,377,Impressora multifuncional,Escritorio,2025-12-17,2,826.92,1653.84
1128,133,Cadeira ergonomica,Moveis,2026-08-16,1,1039.95,1039.95
523,62,Livro tecnico,Livros,2025-08-27,1,111.18,111.18
1991,232,Livro tecnico,Livros,2026-09-08,3,114.85,344.55
1238,148,Notebook Gamer,Eletronicos,2026-04-10,2,4258.97,8517.94
3082,365,Kit papelaria,Escritorio,2026-08-19,2,61.32,122.64
1737,201,Cadeira ergonomica,Moveis,2025-12-10,1,977.35,977.35
356,42,Impressora multifuncional,Escritorio,2025-05-24,1,823.95,823.95
2073,240,Cadeira ergonomica,Moveis,2026-05-05,2,989.05,1978.1
2220,263,Mesa para escritorio,Moveis,2026-07-01,3,698.04,2094.12
1803,209,Livro tecnico,Livros,2025-08-29,2,123.41,246.82
3189,374,Garrafa termica,Acessorios,2026-03-17,3,79.37,238.11
198,26,Kit papelaria,Escritorio,2025-12-24,3,62.44,187.32
2082,241,Impressora multifuncional,Escritorio,2026-04-07,3,904.56,2713.68
2027,235,Organizador de mesa,Escritorio,2026-05-12,2,46.45,92.9
587,71,Livro tecnico,Livros,2025-03-24,2,123.47,246.94
388,46,Monitor 27pol,Eletronicos,2026-06-03,1,1410.22,1410.22
2053,237,Mochila executiva,Acessorios,2025-03-03,1,224.04,224.04
1939,224,Mesa para escritorio,Moveis,2025-12-14,2,669.51,1339.02
3403,399,Organizador de mesa,Escritorio,2025-05-23,2,47.49,94.98
2884,343,Mesa para escritorio,Moveis,2025-09-29,2,622.74,1245.48
1028,119,Luminaria de mesa,Moveis,2026-07-14,1,161.05,161.05
3367,394,Mouse sem fio,Eletronicos,2026-03-18,3,95.13,285.39
2421,288,Livro tecnico,Livros,2026-02-15,2,126.51,253.02
139,19,Organizador de mesa,Escritorio,2025-05-12,1,44.78,44.78
2496,297,Teclado mecanico,Eletronicos,2025-11-16,2,337.83,675.66
1061,125,Mouse sem fio,Eletronicos,2026-03-25,3,92.41,277.23
1264,151,Teclado mecanico,Eletronicos,2025-09-24,3,297.47,892.41
1903,221,Livro tecnico,Livros,2026-03-31,3,111.81,335.43
1720,198,Organizador de mesa,Escritorio,2026-03-03,1,42.13,42.13
1308,156,Mesa para escritorio,Moveis,2026-04-04,3,617.0,1851.0
100,15,Livro tecnico,Livros,2026-08-13,2,115.49,230.98
2618,309,Garrafa termica,Acessorios,2025-12-01,3,69.46,208.38
3179,374,Mochila executiva,Acessorios,2026-03-19,3,216.17,648.51
1467,172,Teclado mecanico,Eletronicos,2026-05-27,3,321.22,963.66
2677,314,Organizador de mesa,Escritorio,2026-03-23,2,44.11,88.22
865,96,Monitor 27pol,Eletronicos,2025-08-23,1,1456.22,1456.22
1221,146,Livro de ficcao,Livros,2026-07-04,1,57.15,57.15
3334,390,Monitor 27pol,Eletronicos,2026-07-08,1,1412.96,1412.96
3515,411,Mouse sem fio,Eletronicos,2025-08-17,2,85.22,170.44
1694,196,Mouse sem fio,Eletronicos,2024-08-24,2,83.65,167.3
1518,179,Monitor 27pol,Eletronicos,2025-02-03,2,1380.44,2760.88
3253,380,Garrafa termica,Acessorios,2026-02-27,1,75.67,75.67
1309,156,Luminaria de mesa,Moveis,2026-05-12,1,138.87,138.87
149,19,Impressora multifuncional,Escritorio,2025-12-14,1,957.2,957.2
1857,215,Livro de ficcao,Livros,2026-05-14,3,52.19,156.57
2029,235,Cadeira ergonomica,Moveis,2026-09-30,1,987.49,987.49
919,101,Cadeira ergonomica,Moveis,2026-08-03,1,1028.18,1028.18
959,107,Webcam HD,Eletronicos,2026-09-13,3,183.67,
2134,250,Livro de ficcao,Livros,2026-06-25,1,56.72,56.72
3216,377,Webcam HD,Eletronicos,2025-12-14,2,192.74,385.48
1316,157,Kit papelaria,Escritorio,2025-08-05,3,64.94,194.82
609,73,Mesa para escritorio,Moveis,2025-09-18,1,599.08,599.08
860,96,Livro tecnico,Livros,2025-02-06,1,128.21,128.21
1642,190,Livro infantil,Livros,2025-10-22,2,40.07,80.14
52,7,Webcam HD,Eletronicos,2026-01-05,3,186.36,559.08
3265,382,Estante de livros,Moveis,2025-07-31,3,426.26,
1294,154,Mesa para escritorio,Moveis,2026-05-29,3,654.38,1963.14
611,73,Cadeira ergonomica,Moveis,2026-01-20,3,1011.55,3034.65
45,5,Livro tecnico,Livros,2026-08-04,1,117.98,117.98
3463,406,Kit papelaria,Escritorio,2024-12-19,3,61.69,185.07
395,46,Impressora multifuncional,Escritorio,2025-10-10,3,952.36,2857.08
136,18,Notebook Gamer,Eletronicos,2025-10-26,3,3949.37,11848.11
1759,204,Livro infantil,Livros,2026-09-12,3,37.14,111.42
2295,273,Luminaria de mesa,Moveis,2025-01-31,2,143.88,287.76
1915,222,Luminaria de mesa,Moveis,2025-09-02,1,145.59,145.59
1243,149,Luminaria de mesa,Moveis,2026-07-23,3,149.26,447.78
1459,172,Livro infantil,Livros,2025-12-15,3,37.53,112.59
2491,296,Mesa para escritorio,Moveis,2026-07-27,1,675.53,675.53
1941,226,Mesa para escritorio,Moveis,2026-09-30,3,699.82,2099.46
88,12,Cadeira ergonomica,Moveis,2025-10-27,1,1011.65,1011.65
2586,305,Mochila executiva,Acessorios,2026-07-18,2,213.73,427.46
288,37,Oculos de sol,Acessorios,2025-01-31,3,153.36,460.08
2422,288,Livro tecnico,Livros,2026-04-17,3,117.42,352.26
675,80,Mesa para escritorio,Moveis,2024-10-15,3,686.3,2058.9
1420,168,Impressora multifuncional,Escritorio,2026-02-20,1,936.45,936.45
714,84,Garrafa termica,Acessorios,2025-07-29,3,79.57,238.71
3411,400,Garrafa termica,Acessorios,2025-10-16,2,75.66,151.32
2751,323,Oculos de sol,Acessorios,2026-03-24,2,157.09,314.18
1132,133,Notebook Gamer,Eletronicos,2026-08-06,2,3991.9,7983.8
1711,197,Teclado mecanico,Eletronicos,2025-10-24,2,334.26,668.52
1734,200,Notebook Gamer,Eletronicos,2026-03-20,3,4429.2,13287.6
1363,160,Mochila executiva,Acessorios,2025-07-28,3,203.09,609.27
1477,173,Mochila executiva,Acessorios,2025-04-11,3,213.58,640.74
2602,308,Livro tecnico,Livros,2026-07-29,1,114.88,114.88
680,80,Impressora multifuncional,Escritorio,2025-10-29,3,929.51,2788.53
470,56,Webcam HD,Eletronicos,2026-03-31,2,183.55,367.1
9,1,Mochila executiva,Acessorios,2026-03-31,3,210.37,631.11
827,93,Kit papelaria,Escritorio,2025-06-02,2,68.84,137.68
2018,234,Livro infantil,Livros,2025-09-16,1,39.2,39.2
3319,388,Livro de ficcao,Livros,2025-11-02,1,51.08,51.08
677,80,Webcam HD,Eletronicos,2024-11-04,3,177.86,533.58
2892,344,Livro tecnico,Livros,2026-04-02,2,113.48,226.96
1802,209,Livro de ficcao,Livros,2026-09-05,3,57.09,171.27
2119,246,Organizador de mesa,Escritorio,2025-09-03,2,41.41,82.82
930,104,Livro tecnico,Livros,2025-10-28,2,115.75,231.5
701,82,Mesa para escritorio,Moveis,2026-09-11,2,606.07,1212.14
3058,362,Estante de livros,Moveis,2026-06-05,2,389.76,779.52
1183,140,Estante de livros,Moveis,2026-01-16,3,407.87,1223.61
922,102,Livro tecnico,Livros,2026-03-25,3,127.12,381.36
2006,233,Livro de ficcao,Livros,2026-07-15,3,59.28,177.84
3279,384,Impressora multifuncional,Escritorio,2026-02-13,3,854.87,2564.61
280,34,Kit papelaria,Escritorio,2025-10-20,2,64.45,128.9
1948,227,Livro infantil,Livros,2026-01-17,2,42.49,84.98
3355,393,Livro infantil,Livros,2026-08-19,3,40.78,122.34
3067,363,Notebook Gamer,Eletronicos,2026-05-22,1,3993.25,3993.25
1431,168,Livro tecnico,Livros,2026-02-03,1,126.77,126.77
2043,236,Luminaria de mesa,Moveis,2026-03-25,1,142.12,142.12
2239,266,Mouse sem fio,Eletronicos,2024-07-14,2,88.6,177.2
468,56,Organizador de mesa,Escritorio,2026-05-14,2,48.05,96.1
48,6,Mochila executiva,Acessorios,2026-04-20,2,200.73,401.46
2415,288,Livro tecnico,Livros,2025-08-27,2,124.62,249.24
1430,168,Oculos de sol,Acessorios,2026-03-29,2,167.57,335.14
2051,237,Impressora multifuncional,Escritorio,2025-05-13,3,936.54,2809.62
1300,154,Organizador de mesa,Escritorio,2025-08-30,2,47.69,95.38
2799,332,Notebook Gamer,Eletronicos,2026-09-29,2,3957.74,7915.48
2854,338,Notebook Gamer,Eletronicos,2025-01-12,1,4028.91,4028.91
2963,353,Teclado mecanico,Eletronicos,2026-05-10,3,343.09,1029.27
70,9,Mouse sem fio,Eletronicos,2025-11-07,1,85.6,85.6
992,113,Mesa para escritorio,Moveis,2025-04-06,2,614.32,1228.64
2951,351,Mesa para escritorio,Moveis,2025-04-18,3,650.17,1950.51
1421,168,Mouse sem fio,Eletronicos,2026-05-02,1,84.07,84.07
953,106,Mochila executiva,Acessorios,2026-08-18,2,196.4,392.8
2120,246,Cadeira ergonomica,Moveis,2026-03-04,3,1010.31,3030.93
772,88,Livro infantil,Livros,2025-08-03,3,41.36,124.08
349,41,Mochila executiva,Acessorios,2025-10-20,3,224.39,673.17
2096,244,Livro tecnico,Livros,2026-02-03,1,125.1,125.1
1469,172,Cadeira ergonomica,Moveis,2025-08-07,3,917.95,2753.85
2156,253,Kit papelaria,Escritorio,2026-07-22,1,67.27,67.27
928,104,Livro infantil,Livros,2025-05-07,2,38.88,77.76
842,95,Mesa para escritorio,Moveis,2025-03-16,1,676.08,676.08
1559,182,Mochila executiva,Acessorios,2026-08-20,3,214.96,644.88
2546,302,Luminaria de mesa,Moveis,2025-11-07,3,143.29,429.87
1543,181,Mesa para escritorio,Moveis,2025-12-02,1,684.55,684.55
1724,199,Oculos de sol,Acessorios,2025-09-26,1,160.46,160.46
2515,298,Livro tecnico,Livros,2025-06-16,2,114.3,228.6
1980,230,Oculos de sol,Acessorios,2026-03-21,2,163.09,326.18
3298,386,Webcam HD,Eletronicos,2026-04-24,2,194.21,388.42
741,86,Livro infantil,Livros,2025-09-15,1,38.94,38.94
2755,323,Mochila executiva,Acessorios,2025-09-05,1,226.67,226.67
2541,301,Luminaria de mesa,Moveis,2026-06-25,1,152.56,152.56
197,26,Teclado mecanico,Eletronicos,2025-12-19,2,313.79,627.58
699,82,Luminaria de mesa,Moveis,2026-05-15,2,143.15,286.3
260,32,Teclado mecanico,Eletronicos,2024-10-28,2,296.72,593.44
1742,202,Mouse sem fio,Eletronicos,2025-01-27,2,88.48,176.96
2372,280,Garrafa termica,Acessorios,2026-04-16,1,78.93,78.93
3332,390,Notebook Gamer,Eletronicos,2026-08-22,2,4313.43,8626.86
2939,349,Oculos de sol,Acessorios,2025-06-16,1,162.85,162.85
2437,289,Organizador de mesa,Escritorio,2026-02-06,3,43.78,131.34
1102,130,Cadeira ergonomica,Moveis,2026-02-06,1,971.4,971.4
3490,409,Impressora multifuncional,Escritorio,2026-05-20,3,905.61,2716.83
2221,263,Livro de ficcao,Livros,2026-07-01,1,57.87,57.87
869,97,Luminaria de mesa,Moveis,2026-09-25,3,153.42,460.26
3539,414,Livro infantil,Livros,2026-04-30,3,38.19,114.57
605,72,Monitor 27pol,Eletronicos,2026-02-27,1,1265.33,1265.33
3292,385,Kit papelaria,Escritorio,2025-08-28,2,60.94,121.88
2974,355,Cadeira ergonomica,Moveis,2025-06-06,3,1039.48,3118.44
1865,216,Mochila executiva,Acessorios,2026-05-03,2,213.24,6504.32
2514,298,Impressora multifuncional,Escritorio,2025-06-14,2,908.92,1817.84
1133,133,Oculos de sol,Acessorios,2026-07-10,2,168.2,336.4
2453,293,Garrafa termica,Acessorios,2026-07-02,2,80.66,161.32
2303,274,Luminaria de mesa,Moveis,2025-11-28,2,142.14,284.28
731,85,Estante de livros,Moveis,2025-12-31,3,437.21,1311.63
2718,319,Estante de livros,Moveis,2026-03-24,1,410.52,410.52
387,46,Livro tecnico,Livros,2024-05-05,2,113.15,226.3
2870,341,Notebook Gamer,Eletronicos,2025-11-27,3,4094.6,12283.8
826,93,Teclado mecanico,Eletronicos,2024-09-08,1,334.32,334.32
3521,412,Impressora multifuncional,Escritorio,2025-10-07,3,834.47,2503.41
1910,221,Mouse sem fio,Eletronicos,2026-07-09,3,90.75,272.25
2300,273,Webcam HD,Eletronicos,2024-10-15,2,184.56,369.12
1638,190,Mouse sem fio,Eletronicos,2025-04-04,1,85.35,85.35
3399,399,Oculos de sol,Acessorios,2025-07-05,1,172.14,172.14
844,95,Kit papelaria,Escritorio,2025-09-09,1,64.69,64.69
1113,130,Kit papelaria,Escritorio,2026-08-29,1,62.94,62.94
1233,147,Monitor 27pol,Eletronicos,2026-04-30,1,1288.23,1288.23
1408,166,Organizador de mesa,Escritorio,2026-02-21,2,42.1,84.2
3248,379,Estante de livros,Moveis,2025-12-28,1,427.0,427.0
309,39,Cadeira ergonomica,Moveis,2025-05-11,2,956.45,1912.9
442,54,Livro tecnico,Livros,2026-01-19,3,118.16,354.48
764,88,Notebook Gamer,Eletronicos,2024-08-19,1,3920.0,3920.0
840,95,Livro de ficcao,Livros,2025-10-09,1,51.29,51.29
237,29,Mochila executiva,Acessorios,2026-05-08,2,223.09,446.18
465,56,Luminaria de mesa,Moveis,2026-04-12,3,140.84,422.52
3039,361,Livro de ficcao,Livros,2026-06-23,3,55.43,166.29
2857,338,Livro de ficcao,Livros,2025-07-26,1,57.94,57.94
2576,304,Livro de ficcao,Livros,2025-02-03,3,52.22,156.66
718,84,Notebook Gamer,Eletronicos,2025-08-09,3,3866.26,11598.78
802,91,Mesa para escritorio,Moveis,2026-09-25,3,688.67,2066.01
1044,122,Oculos de sol,Acessorios,2025-12-25,2,158.8,317.6
2199,261,Estante de livros,Moveis,2025-03-15,3,412.59,1237.77
2262,269,Monitor 27pol,Eletronicos,2026-09-23,3,1248.18,3744.54
348,41,Mesa para escritorio,Moveis,2025-03-23,3,662.81,1988.43
1495,176,Organizador de mesa,Escritorio,2026-05-30,1,46.25,46.25
2681,315,Mesa para escritorio,Moveis,2026-08-31,1,652.01,652.01
3458,406,Impressora multifuncional,Escritorio,2024-09-17,2,906.77,1813.54
18,2,Livro infantil,Livros,2026-01-29,2,41.53,83.06
1881,219,Teclado mecanico,Eletronicos,2026-04-23,1,315.09,315.09
542,64,Organizador de mesa,Escritorio,2025-11-21,3,45.9,137.7
1352,159,Webcam HD,Eletronicos,2025-04-05,3,191.86,575.58
2377,282,Mesa para escritorio,Moveis,2026-03-21,3,620.45,1861.35
210,26,Webcam HD,Eletronicos,2026-03-14,1,167.66,167.66
1923,223,Cadeira ergonomica,Moveis,2025-02-14,3,986.67,2960.01
572,69,Livro de ficcao,Livros,2025-12-21,1,53.35,53.35
1557,182,Mesa para escritorio,Moveis,2026-03-14,3,661.53,1984.59
1776,206,Estante de livros,Moveis,2026-07-05,1,393.84,393.84
2330,276,Webcam HD,Eletronicos,2026-01-04,1,184.79,184.79
1930,224,Impressora multifuncional,Escritorio,2026-03-12,3,927.69,2783.07
64,9,Monitor 27pol,Eletronicos,2025-08-15,1,1262.26,1262.26
3415,400,Mesa para escritorio,Moveis,2026-09-01,1,697.3,697.3
3180,374,Notebook Gamer,Eletronicos,2026-04-14,3,4456.77,13370.31
858,96,Livro infantil,Livros,2025-08-21,1,40.47,40.47
702,82,Estante de livros,Moveis,2026-09-20,1,401.02,401.02
427,52,Mochila executiva,Acessorios,2024-05-05,1,200.39,200.39
362,42,Cadeira ergonomica,Moveis,2025-05-19,1,1009.64,1009.64
519,62,Impressora multifuncional,Escritorio,2025-10-03,2,958.04,1916.08
71,9,Monitor 27pol,Eletronicos,2025-09-26,1,1399.8,1399.8
1892,220,Kit papelaria,Escritorio,2026-08-17,2,64.42,128.84
3592,420,Livro de ficcao,Livros,2025-06-23,2,58.92,117.84
1962,229,Garrafa termica,Acessorios,2026-07-10,1,76.42,76.42
1185,140,Estante de livros,Moveis,2026-02-01,2,413.34,826.68
969,108,Cadeira ergonomica,Moveis,2026-05-19,3,918.1,2754.3
1676,195,Livro infantil,Livros,2026-02-03,1,42.84,42.84
1118,132,Livro de ficcao,Livros,2026-03-09,3,53.67,161.01
124,16,Luminaria de mesa,Moveis,2026-03-18,1,141.97,141.97
3360,393,Estante de livros,Moveis,2026-08-25,2,399.28,798.56
2625,309,Teclado mecanico,Eletronicos,2026-03-14,2,312.7,625.4
2848,338,Livro tecnico,Livros,2026-01-10,1,123.01,123.01
3076,365,Mochila executiva,Acessorios,2026-03-25,2,219.58,439.16
2652,312,Kit papelaria,Escritorio,2025-08-08,2,61.49,122.98
3022,360,Mesa para escritorio,Moveis,2025-07-28,1,683.47,683.47
3347,392,Teclado mecanico,Eletronicos,2025-11-26,1,317.66,317.66
7,1,Teclado mecanico,Eletronicos,2025-12-07,3,296.77,890.31
2069,240,Monitor 27pol,Eletronicos,2025-11-04,3,1425.77,4277.31
